,Date,Open,High,Low,Close,Volume
0,12/31/2019,211.62,212.76,211.2,212.61,"18,201,590"
1,12/30/2019,213.51,213.63,211.16,212.21,"21,829,910"
2,12/27/2019,214.55,214.56,213.04,213.61,"18,142,240"
3,12/26/2019,212.26,213.81,212.23,213.79,"17,159,311"
4,12/24/2019,211.97,212.09,211.44,211.92,"7,089,020"
5,12/23/2019,212.03,212.15,211.63,211.81,"23,798,670"
6,12/20/2019,211.81,212.52,211.27,211.71,"27,690,930"
7,12/19/2019,209.64,210.93,209.62,210.86,"17,892,061"
8,12/18/2019,209.6,210.13,209.33,209.55,"15,490,830"
9,12/17/2019,209.5,209.71,209.04,209.39,"16,034,650"
10,12/16/2019,208.5,209.53,208.48,209.27,"21,366,180"
11,12/13/2019,206.36,207.91,205.96,207.19,"32,517,820"
12,12/12/2019,204.77,207.32,204.49,206.51,"32,704,631"
13,12/11/2019,204.37,205.19,204.04,204.98,"18,897,760"
14,12/10/2019,204.17,204.88,203.44,203.9,"21,849,711"
15,12/09/2019,204.63,205.59,203.98,204.07,"14,032,180"
16,12/06/2019,204.25,205.15,204.15,205.0,"16,562,250"
17,12/05/2019,203.15,203.15,201.84,202.83,"15,038,790"
18,12/04/2019,202.49,202.91,202.14,202.43,"15,336,750"
19,12/03/2019,200.32,201.49,193.79,201.41,"31,425,400"
20,12/02/2019,205.11,205.18,201.78,203.0,"28,121,020"
21,11/29/2019,205.59,205.83,205.0,205.1,"9,854,553"
22,11/27/2019,205.13,206.05,204.89,206.04,"17,060,230"
23,11/26/2019,204.32,204.87,204.05,204.61,"14,812,920"
24,11/25/2019,202.67,204.26,202.67,204.22,"17,794,721"
25,11/22/2019,202.17,202.32,200.74,201.83,"17,197,020"
26,11/21/2019,201.94,202.07,201.07,201.7,"17,934,350"
27,11/20/2019,202.85,203.45,200.62,202.15,"36,706,281"
28,11/19/2019,203.84,203.84,202.59,203.37,"16,997,570"
29,11/18/2019,202.61,203.39,201.77,203.07,"18,408,801"
30,11/15/2019,202.61,202.91,202.0,202.91,"18,434,520"
31,11/14/2019,200.83,201.56,200.22,201.43,"17,055,689"
32,11/13/2019,200.84,201.78,200.71,201.59,"16,110,340"
33,11/12/2019,201.13,202.21,200.82,201.54,"14,778,280"
34,11/11/2019,200.23,201.04,199.94,200.96,"10,187,220"
35,11/08/2019,200.02,201.25,199.54,201.23,"15,272,520"
36,11/07/2019,200.76,201.72,199.85,200.43,"17,832,359"
37,11/06/2019,199.98,200.0,198.79,199.76,"19,725,490"
38,11/05/2019,200.35,200.55,199.55,200.21,"15,048,860"
39,11/04/2019,200.19,200.53,198.87,200.1,"19,015,859"
40,11/01/2019,197.93,198.88,197.63,198.87,"22,131,881"
41,10/31/2019,197.56,197.65,195.94,197.08,"26,801,801"
42,10/30/2019,196.42,197.32,195.29,196.99,"21,764,311"
43,10/29/2019,197.24,197.54,196.01,196.04,"18,569,680"
44,10/28/2019,196.57,197.83,196.55,197.57,"18,842,301"
45,10/25/2019,193.09,195.74,193.05,195.64,"21,507,119"
46,10/24/2019,193.62,194.21,192.74,194.09,"19,264,221"
47,10/23/2019,191.43,192.26,191.15,192.22,"15,198,330"
48,10/22/2019,194.06,194.42,191.79,191.85,"22,988,990"
49,10/21/2019,192.65,193.52,192.14,193.39,"15,868,950"
50,10/18/2019,193.26,193.67,190.71,191.69,"27,719,070"
51,10/17/2019,194.18,194.5,192.81,193.55,"19,161,820"
52,10/16/2019,192.88,193.53,192.43,193.04,"20,689,211"
53,10/15/2019,191.65,193.97,191.56,193.52,"23,735,830"
54,10/14/2019,190.82,191.7,190.65,191.09,"15,372,770"
55,10/11/2019,190.8,192.63,190.72,191.11,"41,428,910"
56,10/10/2019,187.25,189.43,187.12,188.68,"26,693,779"
57,10/09/2019,186.96,188.08,186.43,187.23,"20,829,010"
58,10/08/2019,187.01,187.86,185.27,185.42,"33,201,941"
59,10/07/2019,188.23,189.74,187.91,188.24,"21,404,580"
60,10/04/2019,186.99,189.08,186.88,188.81,"32,752,670"
61,10/03/2019,184.07,186.21,181.82,186.07,"39,612,320"
62,10/02/2019,186.01,187.2,183.02,184.05,"48,931,980"
63,10/01/2019,189.54,190.59,186.96,187.27,"32,665,029"
64,09/30/2019,187.75,189.11,187.4,188.81,"26,559,840"
65,09/27/2019,189.7,189.83,185.75,187.03,"40,804,219"
66,09/26/2019,189.87,190.0,187.98,189.38,"27,030,029"
67,09/25/2019,187.79,190.58,186.21,190.08,"36,499,191"
68,09/24/2019,191.37,191.79,187.15,187.97,"41,096,609"
69,09/23/2019,190.36,191.07,189.72,190.5,"22,917,561"
70,09/20/2019,193.11,193.31,190.16,190.8,"30,131,529"
71,09/19/2019,192.86,194.04,192.47,192.84,"26,214,869"
72,09/18/2019,192.2,192.6,190.11,192.52,"31,173,061"
73,09/17/2019,191.7,192.6,191.29,192.6,"21,113,680"
74,09/16/2019,191.3,192.08,191.11,191.68,"20,318,990"
75,09/13/2019,192.95,193.4,192.29,192.54,"27,669,801"
76,09/12/2019,193.64,194.71,192.97,193.23,"28,689,881"
77,09/11/2019,190.98,192.53,190.56,192.43,"25,063,619"
78,09/10/2019,190.19,190.74,188.91,190.64,"23,744,689"
79,09/09/2019,192.18,192.27,190.22,191.19,"24,407,580"
80,09/06/2019,192.03,192.17,191.17,191.59,"19,487,820"
81,09/05/2019,190.39,192.33,190.34,191.78,"34,060,992"
82,09/04/2019,187.43,188.49,186.9,188.33,"21,676,340"
83,09/03/2019,186.26,187.18,185.03,185.65,"28,026,619"
84,08/30/2019,188.94,188.97,186.41,187.47,"26,332,750"
85,08/29/2019,187.37,188.46,186.68,187.92,"25,427,211"
86,08/28/2019,183.84,185.4,182.91,185.09,"21,848,789"
87,08/27/2019,186.08,186.42,183.71,184.43,"28,080,090"
88,08/26/2019,184.19,184.87,183.08,184.82,"27,689,840"
89,08/23/2019,186.76,188.45,181.56,182.07,"55,442,887"
90,08/22/2019,188.98,189.46,186.54,188.02,"24,270,520"
91,08/21/2019,188.66,189.23,187.96,188.63,"20,745,480"
92,08/20/2019,188.0,188.64,186.92,186.97,"19,939,551"
93,08/19/2019,188.03,188.83,187.5,188.43,"22,568,631"
94,08/16/2019,184.11,185.95,184.1,185.48,"34,785,008"
95,08/15/2019,183.11,183.59,181.16,182.55,"36,848,180"
96,08/14/2019,185.31,185.95,182.42,182.76,"51,000,551"
97,08/13/2019,184.27,189.68,184.02,188.39,"40,473,039"
98,08/12/2019,185.34,185.9,183.5,184.35,"24,642,869"
99,08/09/2019,187.32,188.0,185.03,186.49,"33,608,930"
100,08/08/2019,185.15,188.32,184.57,188.26,"38,418,078"
101,08/07/2019,181.32,184.51,179.89,184.25,"49,990,594"
102,08/06/2019,182.38,183.8,181.07,183.26,"41,897,246"
103,08/05/2019,183.51,183.51,179.2,180.73,"75,039,969"
104,08/02/2019,188.82,188.99,186.21,187.35,"55,214,008"
105,08/01/2019,191.51,194.98,189.23,190.15,"63,251,648"
106,07/31/2019,194.31,194.43,189.32,191.1,"41,627,473"
107,07/30/2019,193.16,194.54,192.99,193.78,"18,705,010"
108,07/29/2019,195.18,195.18,193.39,194.62,"20,451,650"
109,07/26/2019,194.52,195.55,194.43,195.29,"20,431,240"
110,07/25/2019,194.48,194.52,192.93,193.3,"23,434,740"
111,07/24/2019,193.07,195.16,193.03,195.15,"20,422,869"
112,07/23/2019,193.58,193.81,192.29,193.79,"23,786,730"
113,07/22/2019,191.5,192.94,191.44,192.53,"18,953,600"
114,07/19/2019,193.82,193.83,190.81,191.01,"29,387,949"
115,07/18/2019,191.3,192.79,190.69,192.42,"29,066,340"
116,07/17/2019,193.2,193.49,192.18,192.2,"16,765,070"
117,07/16/2019,193.86,194.09,192.56,193.15,"20,190,891"
118,07/15/2019,193.97,194.19,193.44,194.15,"15,606,070"
119,07/12/2019,192.63,193.54,192.45,193.53,"20,211,881"
120,07/11/2019,192.88,193.34,191.81,192.42,"23,736,119"
121,07/10/2019,191.79,193.09,191.47,192.56,"28,374,510"
122,07/09/2019,188.79,190.9,188.65,190.66,"19,193,500"
123,07/08/2019,189.86,189.87,188.93,189.71,"17,598,830"
124,07/05/2019,190.15,191.4,189.39,191.05,"21,415,619"
125,07/03/2019,190.45,191.44,190.29,191.44,"15,792,070"
126,07/02/2019,189.19,190.03,188.66,190.01,"18,035,770"
127,07/01/2019,190.3,190.57,188.38,189.26,"31,193,391"
128,06/28/2019,186.95,187.15,186.07,186.74,"21,179,250"
129,06/27/2019,186.47,186.94,185.99,186.5,"19,709,230"
130,06/26/2019,186.13,187.33,185.49,185.79,"22,595,721"
131,06/25/2019,188.06,188.14,184.65,184.93,"33,921,113"
132,06/24/2019,188.52,188.72,188.06,188.16,"19,375,211"
133,06/21/2019,188.57,189.77,188.17,188.57,"39,980,422"
134,06/20/2019,189.72,189.76,187.16,188.85,"40,921,961"
135,06/19/2019,186.73,187.53,185.57,187.11,"31,672,859"
136,06/18/2019,185.88,187.72,185.43,186.41,"48,177,301"
137,06/17/2019,183.01,184.25,182.84,183.74,"20,379,480"
138,06/14/2019,182.44,183.11,181.94,182.64,"22,844,090"
139,06/13/2019,183.12,183.87,182.74,183.42,"23,715,830"
140,06/12/2019,182.88,183.28,182.0,182.34,"27,758,119"
141,06/11/2019,185.07,185.4,182.78,183.4,"41,260,320"
142,06/10/2019,182.23,184.85,182.21,183.15,"41,385,281"
143,06/07/2019,178.5,181.77,178.33,181.04,"45,888,352"
144,06/06/2019,176.52,178.04,175.73,177.61,"29,913,211"
145,06/05/2019,176.6,176.61,174.38,176.21,"34,412,699"
146,06/04/2019,171.98,174.97,171.37,174.91,"47,797,848"
147,06/03/2019,173.52,173.95,169.27,170.12,"75,842,289"
148,05/31/2019,174.71,175.29,173.87,173.95,"45,446,207"
149,05/30/2019,176.54,177.27,175.77,176.77,"30,354,789"
150,05/29/2019,176.45,177.0,175.09,176.03,"42,178,770"
151,05/28/2019,178.67,179.66,177.47,177.49,"24,763,820"
152,05/24/2019,179.3,179.85,177.94,178.16,"25,903,270"
153,05/23/2019,179.0,179.02,177.14,178.25,"45,351,312"
154,05/22/2019,180.81,182.07,180.75,181.02,"24,332,551"
155,05/21/2019,181.5,182.33,180.92,181.83,"31,613,789"
156,05/20/2019,180.51,181.18,179.34,179.95,"38,608,289"
157,05/17/2019,183.1,185.58,182.88,183.04,"44,702,281"
158,05/16/2019,183.11,186.07,182.95,184.93,"39,281,160"
159,05/15/2019,179.39,183.55,179.31,183.09,"40,944,551"
160,05/14/2019,179.51,181.63,178.86,180.54,"43,360,641"
161,05/13/2019,180.3,181.26,178.06,178.58,"67,185,766"
162,05/10/2019,184.06,185.89,181.03,185.0,"58,526,398"
163,05/09/2019,183.76,185.41,182.09,184.77,"55,351,672"
164,05/08/2019,185.68,187.17,184.96,185.77,"37,165,320"
165,05/07/2019,187.86,188.67,184.51,186.24,"58,818,129"
166,05/06/2019,187.1,190.2,186.76,189.94,"38,371,781"
167,05/03/2019,189.69,191.25,189.33,191.11,"30,386,180"
168,05/02/2019,188.88,189.85,186.87,188.11,"44,110,121"
169,05/01/2019,190.76,191.32,188.8,188.93,"34,797,113"
170,04/30/2019,189.48,189.85,188.21,189.54,"31,495,279"
171,04/29/2019,190.62,191.32,190.34,191.02,"21,716,240"
172,04/26/2019,190.2,190.69,188.59,190.65,"26,359,539"
173,04/25/2019,191.15,191.22,189.45,190.48,"29,517,500"
174,04/24/2019,190.44,190.71,189.65,189.71,"24,977,109"
175,04/23/2019,188.37,190.54,188.13,190.31,"33,665,559"
176,04/22/2019,186.54,187.99,186.43,187.92,"17,936,029"
177,04/18/2019,187.48,187.79,186.29,187.39,"28,580,859"
178,04/17/2019,187.75,187.93,186.6,187.15,"29,651,580"
179,04/16/2019,186.51,186.91,185.93,186.5,"27,195,711"
180,04/15/2019,185.81,186.07,184.62,185.86,"21,073,051"
181,04/12/2019,185.86,185.95,185.06,185.83,"24,989,141"
182,04/11/2019,185.77,185.78,184.69,185.03,"20,654,090"
183,04/10/2019,184.75,185.53,184.52,185.47,"24,562,961"
184,04/09/2019,184.5,185.11,184.09,184.48,"25,631,891"
185,04/08/2019,184.37,185.28,183.63,185.13,"22,697,539"
186,04/05/2019,184.3,184.77,184.02,184.66,"25,674,660"
187,04/04/2019,183.81,184.5,182.65,183.71,"28,530,830"
188,04/03/2019,183.74,184.92,183.21,183.78,"31,633,480"
189,04/02/2019,182.23,182.91,181.78,182.73,"22,645,150"
190,04/01/2019,181.42,182.26,180.77,182.04,"30,969,471"
191,03/29/2019,179.63,179.83,178.59,179.66,"35,205,512"
192,03/28/2019,178.36,178.98,177.24,178.31,"30,368,240"
193,03/27/2019,179.27,179.72,176.6,177.9,"37,096,699"
194,03/26/2019,179.58,180.69,178.14,179.05,"33,248,121"
195,03/25/2019,177.92,178.84,176.93,178.22,"46,336,520"
196,03/22/2019,181.76,182.27,178.37,178.56,"70,794,547"
197,03/21/2019,179.24,182.83,179.2,182.57,"42,428,480"
198,03/20/2019,179.06,180.86,178.24,179.76,"50,105,000"
199,03/19/2019,179.16,180.0,178.29,179.05,"36,893,340"
200,03/18/2019,177.95,178.99,177.59,178.45,"32,935,129"
201,03/15/2019,177.43,178.88,177.28,178.35,"38,191,961"
202,03/14/2019,177.12,177.34,176.66,176.71,"23,751,480"
203,03/13/2019,176.6,177.93,176.35,177.01,"42,426,141"
204,03/12/2019,175.17,176.14,174.77,175.69,"33,953,500"
205,03/11/2019,171.86,174.85,171.85,174.73,"30,518,410"
206,03/08/2019,169.51,171.26,169.34,171.17,"39,303,230"
207,03/07/2019,173.09,173.18,170.79,171.43,"39,407,441"
208,03/06/2019,174.68,174.75,173.28,173.56,"27,194,580"
209,03/05/2019,174.52,175.09,173.69,174.55,"22,319,859"
210,03/04/2019,175.37,175.79,172.47,174.42,"38,063,461"
211,03/01/2019,174.41,174.65,173.18,174.39,"31,431,160"
212,02/28/2019,173.04,173.81,172.7,173.19,"25,085,471"
213,02/27/2019,172.92,173.8,171.76,173.59,"25,162,010"
214,02/26/2019,173.04,174.25,172.81,173.7,"21,939,721"
215,02/25/2019,174.2,174.66,173.4,173.52,"32,608,750"
216,02/22/2019,171.98,173.01,171.9,172.89,"27,735,359"
217,02/21/2019,171.77,172.26,170.71,171.62,"25,207,400"
218,02/20/2019,172.43,173.08,171.32,172.25,"32,593,000"
219,02/19/2019,171.39,172.8,171.38,172.28,"19,487,680"
220,02/15/2019,172.51,172.56,171.14,171.94,"32,521,689"
221,02/14/2019,170.38,171.83,169.83,171.22,"30,326,830"
222,02/13/2019,171.62,172.16,170.82,171.01,"26,094,141"
223,02/12/2019,169.59,171.14,169.33,170.89,"29,722,070"
224,02/11/2019,169.14,169.58,167.98,168.4,"21,434,090"
225,02/08/2019,166.73,168.59,166.57,168.56,"29,020,750"
226,02/07/2019,169.03,169.45,166.95,168.23,"42,036,191"
227,02/06/2019,171.06,171.37,169.75,170.52,"27,970,010"
228,02/05/2019,169.75,171.23,169.69,171.03,"28,156,369"
229,02/04/2019,167.51,169.53,167.33,169.53,"26,718,779"
230,02/01/2019,167.37,168.6,166.99,167.45,"32,143,670"
231,01/31/2019,166.65,168.99,166.47,168.16,"37,258,359"
232,01/30/2019,163.39,166.28,162.89,165.68,"41,346,527"
233,01/29/2019,163.2,163.24,160.99,161.57,"30,784,180"
234,01/28/2019,163.03,163.12,161.75,163.11,"33,491,219"
235,01/25/2019,164.48,165.65,163.95,165.15,"36,466,070"
236,01/24/2019,162.66,163.44,162.06,163.2,"32,413,350"
237,01/23/2019,162.77,163.51,160.32,162.15,"38,106,059"
238,01/22/2019,164.05,164.14,160.76,161.94,"56,711,688"
239,01/18/2019,164.84,166.02,163.82,165.25,"57,183,238"
240,01/17/2019,161.84,164.36,161.57,163.63,"39,328,961"
241,01/16/2019,162.63,163.78,162.29,162.35,"33,812,191"
242,01/15/2019,159.97,162.6,159.91,162.38,"40,874,219"
243,01/14/2019,159.32,159.96,158.59,159.27,"30,710,230"
244,01/11/2019,160.32,160.86,159.79,160.69,"30,176,641"
245,01/10/2019,159.59,161.37,158.7,161.28,"38,943,406"
246,01/09/2019,160.15,161.52,159.47,160.82,"46,491,754"
247,01/08/2019,159.56,160.11,157.2,159.52,"49,388,688"
248,01/07/2019,156.54,158.86,156.11,158.09,"52,059,328"
249,01/04/2019,152.18,157.0,151.74,156.23,"74,709,320"
250,01/03/2019,152.6,153.26,149.49,149.82,"74,820,234"
251,01/02/2019,150.99,155.75,150.88,154.88,"58,576,672"
0,12/31/2020,312.87,314.24,311.76,313.74,"21,611,410"
1,12/30/2020,314.16,314.49,312.33,312.97,"18,138,070"
2,12/29/2020,314.05,314.69,312.03,312.96,"25,871,930"
3,12/28/2020,312.25,313.17,310.36,312.68,"22,497,750"
4,12/24/2020,308.47,310.02,308.39,309.56,"16,785,000"
5,12/23/2020,309.81,310.18,308.04,308.2,"21,201,279"
6,12/22/2020,309.85,310.71,306.85,309.76,"26,378,340"
7,12/21/2020,306.46,309.47,303.6,308.92,"37,095,480"
8,12/18/2020,311.66,311.98,307.61,310.06,"41,173,391"
9,12/17/2020,310.63,311.24,309.39,311.0,"23,730,520"
10,12/16/2020,307.7,309.79,306.62,308.98,"25,461,891"
11,12/15/2020,306.37,307.29,304.11,307.29,"25,790,461"
12,12/14/2020,303.08,306.05,303.01,304.04,"28,804,830"
13,12/11/2020,300.81,301.98,298.47,301.85,"26,760,420"
14,12/10/2020,299.21,303.68,298.09,302.52,"27,519,539"
15,12/09/2020,308.07,308.36,300.21,301.31,"48,839,312"
16,12/08/2020,306.76,308.6,304.95,308.29,"18,341,461"
17,12/07/2020,305.71,307.63,305.52,307.25,"20,850,971"
18,12/04/2020,304.33,305.67,303.63,305.52,"19,332,080"
19,12/03/2020,304.07,305.88,303.53,304.28,"22,828,730"
20,12/02/2020,302.22,304.2,300.35,303.85,"23,620,000"
21,12/01/2020,301.87,305.14,300.83,303.46,"27,642,641"
22,11/30/2020,299.3,299.97,294.78,299.62,"27,836,230"
23,11/27/2020,298.29,300.17,297.9,299.01,"17,163,119"
24,11/25/2020,295.44,296.94,294.59,296.28,"23,326,830"
25,11/24/2020,291.49,294.98,289.63,294.47,"24,516,789"
26,11/23/2020,291.41,292.75,288.07,290.39,"26,875,590"
27,11/20/2020,292.3,293.07,290.29,290.38,"25,907,311"
28,11/19/2020,289.48,292.7,288.85,292.38,"22,718,420"
29,11/18/2020,291.7,293.37,290.02,290.11,"28,069,619"
30,11/17/2020,293.4,293.74,291.61,292.27,"21,843,461"
31,11/16/2020,290.68,293.51,289.99,293.2,"30,168,359"
32,11/13/2020,290.01,291.57,287.87,290.93,"24,880,580"
33,11/12/2020,290.72,292.07,287.25,288.4,"34,516,832"
34,11/11/2020,285.92,290.25,283.38,289.76,"36,102,930"
35,11/10/2020,285.26,286.66,280.62,283.42,"69,024,883"
36,11/09/2020,297.31,299.14,288.12,288.59,"86,537,070"
37,11/06/2020,293.58,295.36,289.83,294.61,"40,959,762"
38,11/05/2020,293.41,295.39,292.0,294.39,"52,054,191"
39,11/04/2020,283.56,288.77,281.87,286.91,"75,728,211"
40,11/03/2020,271.86,276.82,270.84,274.65,"43,604,152"
41,11/02/2020,271.73,273.52,266.97,269.98,"39,987,406"
42,10/30/2020,274.38,275.24,267.07,269.38,"65,935,891"
43,10/29/2020,273.04,279.49,272.52,276.39,"43,246,301"
44,10/28/2020,278.13,278.64,271.38,271.64,"53,413,520"
45,10/27/2020,281.42,283.51,280.2,282.66,"30,559,119"
46,10/26/2020,282.32,285.3,276.76,280.47,"38,421,090"
47,10/23/2020,284.79,284.91,281.78,284.74,"24,658,539"
48,10/22/2020,285.05,285.98,280.82,284.18,"32,196,160"
49,10/21/2020,284.67,287.32,283.69,284.19,"29,306,141"
50,10/20/2020,284.56,287.62,282.95,284.41,"32,195,359"
51,10/19/2020,290.49,291.48,282.79,283.8,"36,756,754"
52,10/16/2020,291.8,293.27,288.15,288.51,"40,570,699"
53,10/15/2020,287.25,290.71,286.54,290.1,"42,514,180"
54,10/14/2020,295.32,296.35,290.26,292.06,"37,181,230"
55,10/13/2020,296.34,297.05,293.11,294.52,"64,240,031"
56,10/12/2020,290.6,297.46,289.47,294.53,"79,370,656"
57,10/09/2020,283.09,285.79,282.71,285.71,"30,201,141"
58,10/08/2020,282.32,282.47,280.31,281.41,"25,443,289"
59,10/07/2020,277.83,280.74,277.28,279.92,"27,539,660"
60,10/06/2020,279.29,281.19,274.25,275.16,"49,704,238"
61,10/05/2020,276.34,280.49,276.23,280.16,"28,184,580"
62,10/02/2020,276.01,282.24,273.44,274.31,"75,497,391"
63,10/01/2020,281.79,282.88,279.84,282.25,"50,020,219"
64,09/30/2020,276.09,281.09,275.87,277.84,"49,380,801"
65,09/29/2020,276.72,277.71,275.37,275.95,"27,178,920"
66,09/28/2020,276.62,277.2,271.67,277.2,"58,438,289"
67,09/25/2020,265.82,272.4,264.3,271.56,"55,242,379"
68,09/24/2020,261.58,268.7,261.22,265.39,"70,631,695"
69,09/23/2020,272.15,272.34,263.25,264.16,"48,837,273"
70,09/22/2020,270.05,273.08,266.54,272.48,"41,128,887"
71,09/21/2020,262.52,267.65,260.11,267.51,"57,168,566"
72,09/18/2020,271.62,272.09,262.63,266.87,"86,251,117"
73,09/17/2020,267.52,274.4,266.68,270.32,"81,570,844"
74,09/16/2020,279.77,280.36,274.25,274.61,"42,435,633"
75,09/15/2020,278.9,280.45,275.13,279.06,"41,849,930"
76,09/14/2020,274.28,277.22,272.96,275.16,"38,525,191"
77,09/11/2020,274.33,275.22,266.9,270.45,"71,809,008"
78,09/10/2020,280.97,282.2,270.56,272.34,"69,667,453"
79,09/09/2020,275.54,280.05,273.0,277.88,"64,837,871"
80,09/08/2020,272.27,278.22,269.66,269.95,"99,568,648"
81,09/04/2020,285.76,288.93,271.8,283.58,"123,959,000"
82,09/03/2020,298.2,298.62,284.41,287.41,"110,083,297"
83,09/02/2020,303.26,303.5,296.89,302.76,"50,836,770"
84,09/01/2020,297.6,300.04,295.79,299.92,"36,395,770"
85,08/31/2020,293.16,296.75,292.62,294.88,"36,321,031"
86,08/28/2020,292.27,293.18,290.93,292.53,"28,021,020"
87,08/27/2020,293.08,293.85,288.71,291.05,"49,482,719"
88,08/26/2020,287.11,292.22,285.83,291.96,"42,216,688"
89,08/25/2020,282.78,286.06,282.37,285.86,"34,866,594"
90,08/24/2020,285.06,286.0,281.27,283.63,"36,418,527"
91,08/21/2020,280.07,282.34,279.46,281.87,"34,748,930"
92,08/20/2020,275.3,280.43,274.86,279.93,"27,723,381"
93,08/19/2020,277.93,279.02,275.57,276.1,"31,999,359"
94,08/18/2020,276.41,278.47,274.91,277.97,"23,529,500"
95,08/17/2020,273.91,275.84,272.2,275.32,"24,802,971"
96,08/14/2020,273.01,273.4,270.72,272.16,"30,799,490"
97,08/13/2020,272.64,274.83,271.51,272.48,"31,895,721"
98,08/12/2020,267.37,272.84,267.37,271.86,"38,894,273"
99,08/11/2020,269.1,270.44,264.63,265.19,"43,104,320"
100,08/10/2020,271.74,271.98,266.67,270.31,"35,088,367"
101,08/07/2020,274.04,274.88,269.25,271.47,"44,969,359"
102,08/06/2020,270.78,274.98,270.19,274.64,"28,048,221"
103,08/05/2020,270.83,271.52,269.96,271.05,"21,685,920"
104,08/04/2020,268.74,270.48,268.09,270.38,"24,911,289"
105,08/03/2020,268.05,270.15,267.87,269.38,"32,081,570"
106,07/31/2020,265.83,265.95,260.85,265.79,"53,756,160"
107,07/30/2020,257.78,261.71,256.55,261.13,"41,774,461"
108,07/29/2020,258.33,260.66,257.91,259.77,"27,556,881"
109,07/28/2020,259.33,259.85,256.51,256.81,"31,302,391"
110,07/27/2020,257.36,260.52,256.45,260.12,"36,445,738"
111,07/24/2020,254.12,256.93,251.32,255.56,"54,054,539"
112,07/23/2020,264.55,265.24,256.55,258.01,"51,363,539"
113,07/22/2020,264.46,265.89,262.55,264.93,"29,865,520"
114,07/21/2020,268.41,268.41,263.13,264.0,"43,442,969"
115,07/20/2020,260.12,267.43,258.79,266.78,"40,610,129"
116,07/17/2020,259.71,260.31,257.17,259.42,"35,137,871"
117,07/16/2020,257.97,259.78,255.62,259.12,"47,594,113"
118,07/15/2020,261.68,262.69,257.49,260.9,"54,523,871"
119,07/14/2020,256.07,260.79,252.76,260.37,"72,230,516"
120,07/13/2020,266.87,269.79,257.69,258.54,"64,108,090"
121,07/10/2020,262.0,264.23,259.26,263.97,"32,885,301"
122,07/09/2020,261.89,262.87,257.63,262.18,"40,312,910"
123,07/08/2020,258.0,260.02,256.5,259.99,"30,426,270"
124,07/07/2020,258.1,260.88,256.3,256.61,"36,578,191"
125,07/06/2020,255.46,258.93,255.43,258.39,"34,589,047"
126,07/02/2020,252.97,254.27,251.71,252.19,"31,956,500"
127,07/01/2020,247.66,251.52,247.08,250.49,"34,689,207"
128,06/30/2020,242.77,248.16,242.58,247.6,"38,909,219"
129,06/29/2020,239.98,242.85,237.35,242.84,"34,377,801"
130,06/26/2020,245.75,245.96,239.68,240.22,"52,824,551"
131,06/25/2020,243.91,246.34,241.14,246.03,"36,940,809"
132,06/24/2020,247.99,249.33,242.16,243.71,"46,032,379"
133,06/23/2020,248.39,251.15,247.82,248.84,"32,767,369"
134,06/22/2020,243.77,246.87,243.38,246.74,"24,068,680"
135,06/19/2020,246.74,247.0,242.45,244.24,"49,422,113"
136,06/18/2020,243.29,244.53,242.49,244.28,"30,578,650"
137,06/17/2020,244.4,245.5,242.73,243.62,"34,749,273"
138,06/16/2020,243.78,244.39,239.1,242.85,"48,890,102"
139,06/15/2020,232.44,239.45,231.47,238.75,"45,307,367"
140,06/12/2020,239.09,240.4,231.74,235.88,"72,034,789"
141,06/11/2020,242.29,243.59,233.96,234.02,"72,919,438"
142,06/10/2020,245.0,247.82,244.51,246.22,"58,084,406"
143,06/09/2020,240.66,244.18,240.47,243.3,"35,046,246"
144,06/08/2020,239.54,241.68,237.91,241.55,"32,937,309"
145,06/05/2020,236.06,240.3,235.63,239.69,"47,365,566"
146,06/04/2020,236.32,237.79,233.68,235.03,"38,716,102"
147,06/03/2020,236.23,237.47,235.35,236.69,"37,228,699"
148,06/02/2020,234.42,235.69,232.01,235.63,"33,383,422"
149,06/01/2020,232.4,234.45,232.0,234.06,"26,140,131"
150,05/29/2020,230.43,233.6,228.76,233.36,"50,878,602"
151,05/28/2020,229.05,233.47,229.05,229.99,"43,008,480"
152,05/27/2020,228.51,230.41,223.94,230.29,"55,665,566"
153,05/26/2020,233.44,233.57,228.79,229.04,"33,055,352"
154,05/22/2020,228.46,229.87,227.5,229.66,"28,762,391"
155,05/21/2020,231.49,232.14,228.34,228.87,"43,642,910"
156,05/20/2020,229.48,231.76,229.48,231.39,"37,417,000"
157,05/19/2020,227.66,229.85,226.71,226.86,"36,237,301"
158,05/18/2020,226.28,228.68,225.47,227.43,"42,597,551"
159,05/15/2020,218.77,223.33,218.33,223.27,"55,747,207"
160,05/14/2020,218.12,221.87,215.99,221.83,"51,549,352"
161,05/13/2020,222.65,224.61,216.71,219.34,"65,521,207"
162,05/12/2020,227.48,228.1,222.09,222.12,"41,054,121"
163,05/11/2020,223.5,227.93,223.25,226.87,"35,714,129"
164,05/08/2020,223.55,225.0,222.48,224.86,"31,964,420"
165,05/07/2020,221.75,222.73,220.42,221.82,"38,624,840"
166,05/06/2020,219.37,221.04,218.11,219.0,"36,455,219"
167,05/05/2020,217.4,220.14,216.85,217.66,"37,783,078"
168,05/04/2020,211.61,215.45,211.12,215.22,"32,841,020"
169,05/01/2020,214.54,216.67,211.68,212.74,"48,794,969"
170,04/30/2020,220.01,220.04,217.35,218.91,"43,359,480"
171,04/29/2020,216.21,219.97,215.14,219.0,"48,716,406"
172,04/28/2020,217.27,217.32,211.21,211.5,"46,862,820"
173,04/27/2020,216.18,216.63,214.5,215.56,"36,451,699"
174,04/24/2020,210.94,214.3,209.5,213.84,"34,303,367"
175,04/23/2020,211.8,214.44,210.1,210.52,"43,278,539"
176,04/22/2020,209.14,212.35,208.33,210.97,"40,188,770"
177,04/21/2020,210.63,211.16,203.63,204.89,"72,932,766"
178,04/20/2020,213.27,215.88,212.57,212.74,"38,249,129"
179,04/17/2020,215.96,216.51,212.08,215.29,"62,863,219"
180,04/16/2020,211.78,214.37,209.69,213.25,"64,657,359"
181,04/15/2020,208.48,211.83,207.12,209.43,"47,035,953"
182,04/14/2020,207.17,212.5,206.42,211.86,"63,959,559"
183,04/13/2020,199.92,203.42,198.75,203.03,"42,853,953"
184,04/09/2020,202.27,203.22,199.03,200.86,"68,323,930"
185,04/08/2020,198.08,201.17,196.17,200.57,"45,940,441"
186,04/07/2020,202.14,202.66,196.0,196.4,"69,904,477"
187,04/06/2020,190.38,197.65,189.19,196.48,"62,795,200"
188,04/03/2020,185.5,187.07,181.29,183.37,"47,487,621"
189,04/02/2020,181.59,190.1,180.97,186.01,"56,465,352"
190,04/01/2020,184.81,187.66,180.86,182.31,"53,715,379"
191,03/31/2020,191.53,195.25,189.2,190.4,"62,659,273"
192,03/30/2020,187.1,192.49,186.34,192.04,"49,356,941"
193,03/27/2020,186.93,190.51,184.66,185.3,"58,844,980"
194,03/26/2020,183.87,192.72,183.61,191.9,"79,887,562"
195,03/25/2020,184.42,189.51,179.98,182.3,"88,754,914"
196,03/24/2020,179.91,183.83,177.95,183.66,"94,881,789"
197,03/23/2020,170.92,174.21,164.93,170.46,"124,639,602"
198,03/20/2020,181.74,182.87,170.1,170.7,"118,983,906"
199,03/19/2020,175.69,183.49,171.63,177.66,"120,896,492"
200,03/18/2020,171.61,179.22,166.8,176.6,"114,156,305"
201,03/17/2020,175.47,184.39,169.78,182.14,"121,257,102"
202,03/16/2020,174.15,184.68,169.16,169.3,"92,054,391"
203,03/13/2020,187.07,194.48,178.13,192.34,"134,882,000"
204,03/12/2020,182.09,190.78,176.94,177.32,"137,820,703"
205,03/11/2020,199.35,200.75,192.73,195.22,"89,168,781"
206,03/10/2020,201.11,204.3,193.68,204.11,"100,599,203"
207,03/09/2020,193.48,201.16,192.11,193.57,"116,424,000"
208,03/06/2020,204.67,209.15,202.91,208.02,"89,828,391"
209,03/05/2020,212.69,216.36,210.1,211.59,"78,705,453"
210,03/04/2020,213.32,218.33,211.37,218.22,"73,086,211"
211,03/03/2020,217.11,219.61,207.62,209.48,"131,953,500"
212,03/02/2020,208.88,216.57,205.94,216.42,"112,933,906"
213,02/28/2020,198.92,207.17,198.17,205.8,"149,247,109"
214,02/27/2020,211.05,216.42,205.5,205.64,"121,822,602"
215,02/26/2020,216.67,220.28,214.9,216.48,"80,400,047"
216,02/25/2020,223.19,223.99,214.74,215.37,"97,742,977"
217,02/24/2020,221.84,224.25,220.26,221.39,"84,522,555"
218,02/21/2020,233.64,234.01,229.32,230.27,"66,058,609"
219,02/20/2020,236.46,236.95,231.88,234.78,"42,604,020"
220,02/19/2020,236.07,237.47,235.85,236.98,"22,230,461"
221,02/18/2020,233.47,235.17,233.25,234.73,"24,521,240"
222,02/14/2020,234.28,234.86,233.55,234.64,"23,438,529"
223,02/13/2020,232.62,234.93,232.36,233.97,"22,773,160"
224,02/12/2020,233.34,234.38,232.8,234.27,"24,471,279"
225,02/11/2020,233.21,234.02,231.4,232.01,"30,197,980"
226,02/10/2020,228.43,231.98,228.38,231.97,"21,478,930"
227,02/07/2020,229.16,230.44,228.54,229.2,"25,884,930"
228,02/06/2020,228.77,230.25,227.98,230.19,"22,467,080"
229,02/05/2020,230.22,230.25,226.85,228.22,"38,534,820"
230,02/04/2020,225.39,227.86,224.65,227.47,"30,691,211"
231,02/03/2020,220.14,222.89,219.99,222.38,"25,468,311"
232,01/31/2020,223.5,223.56,218.29,219.07,"52,015,832"
233,01/30/2020,220.37,222.7,219.69,222.6,"39,568,090"
234,01/29/2020,222.66,222.93,220.83,221.81,"29,063,131"
235,01/28/2020,219.6,221.96,219.06,221.45,"26,731,881"
236,01/27/2020,217.72,219.28,217.18,218.1,"42,264,422"
237,01/24/2020,225.62,225.88,221.67,222.7,"37,436,480"
238,01/23/2020,223.71,224.69,222.7,224.59,"26,496,109"
239,01/22/2020,224.38,225.15,223.59,223.87,"20,736,400"
240,01/21/2020,222.73,223.84,222.66,223.28,"21,146,260"
241,01/17/2020,223.24,223.56,222.12,223.38,"24,325,170"
242,01/16/2020,221.24,222.32,220.8,222.28,"18,804,961"
243,01/15/2020,220.18,221.2,219.45,220.17,"25,742,080"
244,01/14/2020,220.75,221.21,219.74,220.08,"24,573,340"
245,01/13/2020,219.31,220.98,218.98,220.95,"22,846,100"
246,01/10/2020,219.76,219.87,218.04,218.43,"21,914,631"
247,01/09/2020,218.91,219.41,217.71,218.99,"23,641,289"
248,01/08/2020,215.47,218.14,215.16,217.15,"26,464,211"
249,01/07/2020,215.64,216.14,214.85,215.53,"23,120,990"
250,01/06/2020,212.49,215.59,212.24,215.56,"21,726,990"
251,01/03/2020,213.29,215.47,213.28,214.18,"27,532,660"
252,01/02/2020,214.4,216.16,213.98,216.16,"31,014,900"
0,12/31/2021,399.66,401.06,397.34,397.85,"34,752,879"
1,12/30/2021,401.33,403.57,399.75,400.35,"23,850,070"
2,12/29/2021,401.75,403.05,399.11,401.55,"32,248,480"
3,12/28/2021,404.4,404.58,400.71,401.61,"33,113,730"
4,12/27/2021,398.25,403.48,398.22,403.48,"32,820,711"
5,12/23/2021,394.31,398.43,394.14,396.92,"29,595,539"
6,12/22/2021,388.91,394.16,388.23,393.95,"37,042,199"
7,12/21/2021,384.05,389.53,380.2,389.21,"48,899,480"
8,12/20/2021,379.57,381.5,377.47,380.69,"65,336,832"
9,12/17/2021,383.33,389.19,381.77,384.91,"81,642,852"
10,12/16/2021,398.04,398.48,385.21,386.84,"82,591,367"
11,12/15/2021,387.94,397.42,383.88,397.05,"73,858,031"
12,12/14/2021,387.3,390.09,383.63,388.2,"75,199,188"
13,12/13/2021,398.0,398.33,391.88,392.26,"50,166,406"
14,12/10/2021,396.62,398.28,393.36,398.01,"52,545,770"
15,12/09/2021,398.35,400.2,393.53,393.73,"49,973,711"
16,12/08/2021,398.17,399.82,396.22,399.61,"39,204,039"
17,12/07/2021,393.03,398.46,392.99,397.83,"56,005,262"
18,12/06/2021,383.63,387.6,379.3,386.2,"67,588,797"
19,12/03/2021,391.31,392.34,378.9,383.13,"105,349,102"
20,12/02/2021,385.8,391.74,384.34,389.91,"84,416,625"
21,12/01/2021,398.28,400.48,386.64,387.12,"78,379,250"
22,11/30/2021,398.78,401.19,391.75,393.82,"81,332,688"
23,11/29/2021,395.89,400.73,395.14,399.69,"54,447,113"
24,11/26/2021,396.11,397.54,389.77,391.2,"51,533,312"
25,11/24/2021,394.93,399.05,392.54,398.76,"46,954,379"
26,11/23/2021,398.11,400.23,392.92,397.48,"70,098,734"
27,11/22/2021,405.57,408.71,399.19,399.3,"61,715,367"
28,11/19/2021,403.43,405.3,402.58,403.99,"45,191,719"
29,11/18/2021,399.73,402.27,397.45,401.75,"45,721,520"
30,11/17/2021,397.75,399.72,396.64,397.63,"28,703,260"
31,11/16/2021,393.86,397.93,393.66,397.42,"27,872,939"
32,11/15/2021,395.91,396.24,392.1,394.61,"33,716,859"
33,11/12/2021,391.77,395.25,390.13,394.7,"34,730,559"
34,11/11/2021,392.57,392.75,390.24,390.59,"32,242,980"
35,11/10/2021,392.47,395.36,387.53,389.51,"54,937,391"
36,11/09/2021,399.16,399.57,393.92,395.32,"50,490,719"
37,11/08/2021,398.57,399.62,397.4,398.06,"29,256,270"
38,11/05/2021,400.04,400.99,397.16,398.6,"43,383,801"
39,11/04/2021,394.48,399.2,393.92,398.22,"40,265,312"
40,11/03/2021,389.55,393.61,388.48,393.18,"33,748,898"
41,11/02/2021,386.8,389.54,386.75,389.05,"25,135,289"
42,11/01/2021,386.56,387.56,384.42,387.43,"30,765,301"
43,10/29/2021,381.06,386.28,380.7,386.11,"37,310,121"
44,10/28/2021,381.95,384.48,381.16,384.22,"38,007,008"
45,10/27/2021,379.58,383.15,379.31,380.0,"45,760,500"
46,10/26/2021,380.23,382.71,377.91,379.12,"47,191,281"
47,10/25/2021,375.56,378.87,373.56,377.93,"32,597,801"
48,10/22/2021,375.98,376.97,372.39,374.1,"36,275,820"
49,10/21/2021,374.16,377.47,373.85,377.27,"25,469,279"
50,10/20/2021,375.94,376.57,373.46,374.98,"31,390,340"
51,10/19/2021,373.75,375.52,372.7,375.47,"29,090,961"
52,10/18/2021,367.61,372.87,366.99,372.65,"34,513,512"
53,10/15/2021,367.88,369.06,366.82,368.94,"40,419,879"
54,10/14/2021,363.69,366.85,363.01,366.63,"43,433,871"
55,10/13/2021,359.51,360.69,357.43,360.0,"40,120,801"
56,10/12/2021,359.88,360.33,356.48,357.14,"43,905,102"
57,10/11/2021,359.58,363.2,358.3,358.39,"34,847,180"
58,10/08/2021,364.08,364.32,360.61,361.16,"41,822,312"
59,10/07/2021,362.8,365.69,362.25,362.97,"39,411,168"
60,10/06/2021,354.08,359.95,353.15,359.67,"56,806,539"
61,10/05/2021,353.71,359.69,353.48,357.38,"47,232,898"
62,10/04/2021,358.52,358.86,350.32,352.62,"76,766,008"
63,10/01/2021,358.6,361.25,354.38,360.18,"56,375,488"
64,09/30/2021,360.97,362.68,357.1,357.96,"61,384,578"
65,09/29/2021,361.17,363.37,358.64,359.28,"58,076,621"
66,09/28/2021,365.67,370.3,359.35,359.87,"97,701,633"
67,09/27/2021,370.2,371.25,367.73,370.35,"43,338,078"
68,09/24/2021,370.65,373.76,370.27,373.33,"36,056,801"
69,09/23/2021,370.76,374.04,370.1,372.98,"44,652,000"
70,09/22/2021,367.09,371.07,365.96,369.57,"46,972,922"
71,09/21/2021,367.58,368.81,364.99,366.15,"41,927,480"
72,09/20/2021,367.46,369.25,360.93,365.7,"76,203,203"
73,09/17/2021,377.82,377.87,372.76,373.83,"60,912,273"
74,09/16/2021,376.68,378.9,374.7,378.31,"35,193,078"
75,09/15/2021,375.73,378.41,373.37,378.05,"34,097,871"
76,09/14/2021,377.86,378.61,374.28,375.26,"41,826,621"
77,09/13/2021,378.99,379.43,374.22,376.33,"48,741,781"
78,09/10/2021,381.23,381.97,376.25,376.59,"40,249,406"
79,09/09/2021,381.01,382.15,379.22,379.47,"29,398,980"
80,09/08/2021,381.93,381.93,378.45,380.78,"32,949,160"
81,09/07/2021,381.68,382.78,380.49,382.11,"23,970,199"
82,09/03/2021,379.22,381.98,379.2,381.57,"24,624,939"
83,09/02/2021,381.97,382.31,379.15,380.4,"25,503,539"
84,09/01/2021,381.04,382.71,380.37,380.58,"28,138,311"
85,08/31/2021,380.51,380.58,378.36,379.95,"29,628,180"
86,08/30/2021,376.85,380.76,376.83,380.26,"27,295,670"
87,08/27/2021,373.07,376.56,372.57,376.04,"27,104,750"
88,08/26/2021,373.92,374.62,371.97,372.42,"29,133,330"
89,08/25/2021,374.63,375.39,373.86,374.8,"20,441,881"
90,08/24/2021,373.84,374.99,373.36,374.37,"21,732,910"
91,08/23/2021,368.8,373.94,368.79,373.23,"34,034,738"
92,08/20/2021,365.06,368.14,364.74,367.73,"39,486,031"
93,08/19/2021,360.22,365.68,359.96,363.96,"48,499,367"
94,08/18/2021,365.18,366.62,361.87,362.21,"38,541,941"
95,08/17/2021,366.15,367.15,363.23,365.73,"44,793,898"
96,08/16/2021,367.67,369.02,363.7,368.98,"35,044,113"
97,08/13/2021,367.89,369.16,367.38,368.82,"19,336,189"
98,08/12/2021,365.69,367.9,364.3,367.53,"26,003,881"
99,08/11/2021,368.14,368.65,364.84,366.21,"34,249,809"
100,08/10/2021,369.26,369.56,365.62,366.84,"35,130,801"
101,08/09/2021,368.52,369.27,367.39,368.73,"25,960,250"
102,08/06/2021,368.37,369.37,366.91,368.05,"33,332,109"
103,08/05/2021,368.18,369.91,367.45,369.67,"21,443,930"
104,08/04/2021,366.77,368.32,365.63,367.34,"29,602,240"
105,08/03/2021,365.28,366.93,362.0,366.81,"35,558,512"
106,08/02/2021,366.28,366.88,363.87,364.6,"27,334,100"
107,07/30/2021,362.44,365.17,362.41,364.57,"36,484,648"
108,07/29/2021,365.25,367.68,365.25,366.48,"25,672,529"
109,07/28/2021,365.6,367.45,363.24,365.83,"42,066,199"
110,07/27/2021,368.22,368.22,360.16,364.43,"57,933,152"
111,07/26/2021,367.49,368.89,366.6,368.49,"28,438,131"
112,07/23/2021,365.31,368.49,363.92,368.2,"31,960,801"
113,07/22/2021,361.77,363.96,361.77,363.95,"30,252,240"
114,07/21/2021,358.35,361.56,358.12,361.56,"30,259,859"
115,07/20/2021,355.63,360.28,353.8,358.79,"42,183,699"
116,07/19/2021,354.05,355.18,352.04,354.67,"64,404,633"
117,07/16/2021,361.4,362.41,357.24,357.6,"47,261,961"
118,07/15/2021,362.98,363.19,358.46,360.52,"53,391,559"
119,07/14/2021,364.83,365.49,362.22,363.07,"35,336,352"
120,07/13/2021,362.03,365.47,361.54,362.42,"39,723,020"
121,07/12/2021,362.45,362.89,360.83,362.42,"25,717,680"
122,07/09/2021,358.17,361.5,357.57,361.01,"35,184,527"
123,07/08/2021,355.74,359.65,354.42,358.77,"50,890,020"
124,07/07/2021,362.45,362.76,358.94,360.95,"35,265,238"
125,07/06/2021,359.26,360.48,356.49,360.19,"38,842,398"
126,07/02/2021,356.52,358.97,356.28,358.64,"32,727,240"
127,07/01/2021,354.07,355.09,352.68,354.57,"29,289,980"
128,06/30/2021,354.83,355.23,353.83,354.43,"32,723,961"
129,06/29/2021,353.53,355.02,352.67,354.99,"29,426,039"
130,06/28/2021,350.78,353.85,350.72,353.71,"39,130,312"
131,06/25/2021,350.47,350.72,348.84,349.46,"28,682,801"
132,06/24/2021,349.73,351.46,349.17,349.89,"32,581,609"
133,06/23/2021,347.51,348.92,346.88,347.74,"27,188,449"
134,06/22/2021,344.15,348.03,343.84,347.57,"28,941,631"
135,06/21/2021,342.43,344.69,340.15,344.36,"32,992,648"
136,06/18/2021,343.63,344.81,341.86,342.63,"55,414,859"
137,06/17/2021,339.97,346.38,339.92,345.34,"59,722,699"
138,06/16/2021,342.74,343.84,337.45,341.01,"55,399,539"
139,06/15/2021,344.15,344.47,341.52,342.26,"35,963,781"
140,06/14/2021,341.68,344.52,340.46,344.51,"27,827,721"
141,06/11/2021,340.36,341.25,339.69,341.24,"21,222,830"
142,06/10/2021,337.19,340.46,336.73,340.35,"33,702,070"
143,06/09/2021,338.17,338.97,336.65,336.84,"21,485,320"
144,06/08/2021,338.4,339.29,335.03,336.76,"27,282,820"
145,06/07/2021,335.05,336.66,334.34,336.6,"32,611,850"
146,06/04/2021,331.85,336.06,331.78,335.6,"38,736,551"
147,06/03/2021,330.55,331.86,328.28,330.0,"37,057,832"
148,06/02/2021,333.25,334.34,331.7,333.47,"22,047,939"
149,06/01/2021,335.3,335.79,331.43,332.82,"31,145,420"
150,05/28/2021,334.12,335.57,333.6,333.93,"29,927,449"
151,05/27/2021,333.67,334.54,332.67,332.88,"27,931,750"
152,05/26/2021,333.66,334.61,332.95,334.13,"25,444,930"
153,05/25/2021,334.07,334.81,331.76,332.97,"31,280,311"
154,05/24/2021,329.37,333.67,326.9,332.51,"32,475,770"
155,05/21/2021,330.43,330.86,326.64,327.01,"50,330,449"
156,05/20/2021,324.12,329.71,323.89,328.83,"46,466,141"
157,05/19/2021,316.66,322.9,316.3,322.59,"66,319,109"
158,05/18/2021,325.39,326.65,321.94,322.22,"36,528,449"
159,05/17/2021,324.63,326.37,321.45,324.41,"39,187,121"
160,05/14/2021,322.6,327.33,322.08,326.39,"44,370,020"
161,05/13/2021,319.92,322.4,316.9,319.34,"69,877,766"
162,05/12/2021,320.23,322.62,316.0,316.89,"91,164,867"
163,05/11/2021,319.7,326.13,319.02,325.31,"71,963,609"
164,05/10/2021,332.78,332.96,325.55,325.76,"60,700,461"
165,05/07/2021,334.37,336.65,331.69,334.2,"53,324,461"
166,05/06/2021,328.76,331.67,326.45,331.51,"46,814,281"
167,05/05/2021,332.25,333.14,328.23,329.03,"46,219,312"
168,05/04/2021,333.56,333.89,326.21,330.14,"65,146,969"
169,05/03/2021,339.23,340.0,335.73,336.19,"29,729,730"
170,04/30/2021,337.7,340.26,337.05,337.99,"38,263,422"
171,04/29/2021,342.37,342.8,336.9,340.22,"37,708,879"
172,04/28/2021,339.81,340.85,338.33,339.0,"33,615,699"
173,04/27/2021,341.93,342.15,339.17,340.15,"33,187,180"
174,04/26/2021,339.67,341.92,338.9,341.63,"30,811,971"
175,04/23/2021,335.85,340.77,335.85,339.42,"36,414,922"
176,04/22/2021,338.89,339.9,334.01,335.2,"45,936,141"
177,04/21/2021,335.09,339.48,333.97,339.29,"36,598,078"
178,04/20/2021,338.2,339.52,334.38,336.41,"38,081,820"
179,04/19/2021,340.39,341.58,336.9,338.88,"34,533,129"
180,04/16/2021,342.15,342.23,340.08,342.01,"40,860,102"
181,04/15/2021,339.47,342.01,336.22,341.61,"36,342,820"
182,04/14/2021,340.85,340.98,335.67,336.51,"42,564,340"
183,04/13/2021,338.24,341.08,338.02,340.6,"30,374,029"
184,04/12/2021,336.04,337.1,334.73,336.67,"25,833,010"
185,04/09/2021,333.68,337.32,332.92,337.11,"36,664,887"
186,04/08/2021,334.56,335.27,333.74,335.08,"29,940,801"
187,04/07/2021,330.33,332.48,329.37,331.62,"32,046,381"
188,04/06/2021,330.73,332.83,330.02,330.82,"33,537,211"
189,04/05/2021,327.13,331.84,324.64,331.05,"42,172,480"
190,04/01/2021,323.07,324.71,322.81,324.57,"55,685,602"
191,03/31/2021,316.16,320.74,315.81,319.13,"55,032,539"
192,03/30/2021,313.89,314.91,311.54,314.32,"44,635,680"
193,03/29/2021,315.45,316.99,312.47,315.91,"54,607,961"
194,03/26/2021,311.11,316.33,309.67,316.0,"63,519,633"
195,03/25/2021,309.97,312.89,307.39,311.33,"78,729,008"
196,03/24/2021,318.63,318.67,311.72,311.87,"64,803,727"
197,03/23/2021,319.73,321.09,316.38,317.22,"53,455,406"
198,03/22/2021,315.21,320.74,315.21,318.61,"56,194,762"
199,03/19/2021,311.87,314.73,309.66,313.14,"78,446,203"
200,03/18/2021,316.87,317.88,311.57,312.04,"82,942,273"
201,03/17/2021,317.45,323.85,315.68,321.9,"78,258,727"
202,03/16/2021,321.09,324.2,319.1,320.58,"54,925,898"
203,03/15/2021,315.79,319.0,314.1,318.83,"43,123,180"
204,03/12/2021,313.86,318.23,311.39,315.46,"69,315,602"
205,03/11/2021,315.77,319.86,314.85,318.04,"53,484,801"
206,03/10/2021,316.16,316.47,310.17,310.88,"76,798,070"
207,03/09/2021,307.47,313.73,306.92,311.77,"80,391,109"
208,03/08/2021,308.12,310.06,299.51,299.94,"88,409,773"
209,03/05/2021,306.8,309.61,297.45,308.68,"121,523,695"
210,03/04/2021,308.78,312.04,300.11,304.1,"139,131,594"
211,03/03/2021,317.27,318.24,309.1,309.16,"86,301,070"
212,03/02/2021,324.25,324.33,318.14,318.4,"48,370,031"
213,03/01/2021,319.27,323.94,317.94,323.59,"49,164,520"
214,02/26/2021,315.85,319.11,310.88,314.14,"104,739,797"
215,02/25/2021,321.39,324.03,311.24,312.83,"110,182,602"
216,02/24/2021,318.74,324.45,315.96,324.13,"58,206,273"
217,02/23/2021,317.0,323.2,311.0,321.48,"97,241,938"
218,02/22/2021,326.5,327.8,322.23,322.44,"47,256,941"
219,02/19/2021,333.86,333.99,329.97,331.02,"39,157,680"
220,02/18/2021,330.23,333.87,328.36,332.47,"32,236,240"
221,02/17/2021,332.47,335.66,330.17,333.93,"31,467,461"
222,02/16/2021,337.27,338.19,334.34,335.54,"27,080,779"
223,02/12/2021,333.71,336.62,332.63,336.45,"20,346,820"
224,02/11/2021,334.33,335.0,332.12,334.58,"22,046,070"
225,02/10/2021,334.99,335.46,329.5,332.75,"28,068,699"
226,02/09/2021,332.62,334.81,332.61,333.51,"17,597,480"
227,02/08/2021,333.1,333.74,331.41,333.58,"20,462,811"
228,02/05/2021,331.22,332.4,329.53,331.36,"22,731,961"
229,02/04/2021,327.82,330.33,326.46,330.24,"22,350,949"
230,02/03/2021,329.82,330.2,326.32,326.38,"24,824,520"
231,02/02/2021,325.48,328.87,325.31,327.68,"33,930,840"
232,02/01/2021,318.11,323.54,316.02,322.42,"35,646,008"
233,01/29/2021,319.58,320.72,312.76,314.56,"55,259,020"
234,01/28/2021,320.67,326.42,320.03,321.32,"42,836,320"
235,01/27/2021,326.26,326.27,317.36,319.43,"55,263,992"
236,01/26/2021,328.85,329.76,327.22,328.59,"25,498,109"
237,01/25/2021,328.91,330.32,321.41,328.11,"39,080,641"
238,01/22/2021,325.29,326.46,324.71,325.42,"21,609,439"
239,01/21/2021,325.15,327.13,323.73,326.36,"25,316,939"
240,01/20/2021,320.14,324.74,316.51,323.77,"30,728,100"
241,01/19/2021,314.25,316.93,313.12,316.41,"24,537,051"
242,01/15/2021,314.13,315.12,310.58,311.86,"35,118,719"
243,01/14/2021,316.5,317.53,313.86,314.35,"23,500,131"
244,01/13/2021,314.19,316.86,313.57,316.04,"22,898,420"
245,01/12/2021,314.46,315.58,311.2,313.92,"29,266,760"
246,01/11/2021,315.98,317.19,313.75,314.42,"32,869,102"
247,01/08/2021,317.34,319.39,315.08,319.03,"33,955,848"
248,01/07/2021,310.28,315.84,310.25,314.98,"30,394,830"
249,01/06/2021,307.0,311.88,305.98,307.54,"52,809,621"
250,01/05/2021,308.29,312.14,308.29,311.86,"29,323,410"
251,01/04/2021,315.11,315.29,305.18,309.31,"45,305,898"
0,12/30/2022,263.62,266.41,262.29,266.28,"37,858,281"
1,12/29/2022,262.96,267.41,262.25,266.44,"45,893,566"
2,12/28/2022,263.17,265.47,259.73,260.1,"47,139,039"
3,12/27/2022,266.74,266.85,263.03,263.58,"38,009,008"
4,12/23/2022,265.47,268.04,263.53,267.36,"39,373,578"
5,12/22/2022,270.38,270.51,262.46,266.76,"60,278,379"
6,12/21/2022,270.6,274.78,269.74,273.45,"46,394,688"
7,12/20/2022,268.56,271.32,266.95,269.54,"51,064,199"
8,12/19/2022,273.87,273.96,268.49,269.75,"44,167,922"
9,12/16/2022,276.2,277.77,272.61,274.25,"68,300,352"
10,12/15/2022,282.33,283.01,275.67,276.89,"60,554,121"
11,12/14/2022,288.05,291.41,283.19,286.51,"64,984,434"
12,12/13/2022,296.65,296.88,285.91,288.65,"80,667,680"
13,12/12/2022,282.22,285.64,281.16,285.58,"35,732,520"
14,12/09/2022,282.81,285.64,281.59,282.04,"47,860,488"
15,12/08/2022,281.91,284.84,279.79,283.85,"42,594,910"
16,12/07/2022,280.47,282.57,278.78,280.53,"45,614,246"
17,12/06/2022,287.48,287.62,280.26,281.68,"53,937,609"
18,12/05/2022,290.38,291.68,286.15,287.64,"41,482,121"
19,12/02/2022,288.54,293.45,288.36,292.55,"53,583,168"
20,12/01/2022,293.69,295.75,290.88,293.72,"51,547,328"
21,11/30/2022,280.84,293.47,279.97,293.36,"74,718,086"
22,11/29/2022,282.94,283.35,279.17,280.57,"35,618,879"
23,11/28/2022,284.9,286.96,281.76,282.71,"38,877,047"
24,11/25/2022,287.19,287.91,286.42,286.92,"15,498,800"
25,11/23/2022,285.97,289.46,285.79,288.82,"46,389,969"
26,11/22/2022,282.64,286.11,280.46,285.95,"41,873,441"
27,11/21/2022,283.4,284.58,281.04,281.89,"40,083,527"
28,11/18/2022,287.89,287.99,282.32,284.82,"53,588,633"
29,11/17/2022,280.88,286.32,280.72,284.81,"55,462,078"
30,11/16/2022,287.39,289.48,284.6,285.44,"48,859,801"
31,11/15/2022,292.21,293.26,285.97,289.39,"73,985,367"
32,11/14/2022,285.86,289.22,284.44,285.44,"55,080,047"
33,11/11/2022,282.56,288.64,281.19,287.96,"66,961,750"
34,11/10/2022,276.01,283.05,273.85,282.75,"99,256,688"
35,11/09/2022,267.76,268.56,263.03,263.32,"64,862,129"
36,11/08/2022,269.14,272.85,265.52,269.54,"63,213,793"
37,11/07/2022,265.75,268.14,263.57,267.59,"47,333,832"
38,11/04/2022,265.53,266.61,259.08,264.68,"78,313,211"
39,11/03/2022,263.01,264.5,260.1,260.49,"70,038,898"
40,11/02/2022,275.08,278.21,265.61,265.68,"79,803,133"
41,11/01/2022,281.5,282.07,274.74,275.11,"45,895,898"
42,10/31/2022,278.92,279.76,275.99,277.95,"47,741,953"
43,10/28/2022,272.23,281.7,272.06,281.22,"62,651,312"
44,10/27/2022,276.79,278.28,272.34,272.87,"57,760,301"
45,10/26/2022,278.46,283.98,277.43,277.93,"63,898,246"
46,10/25/2022,279.41,284.6,277.9,284.21,"59,014,488"
47,10/24/2022,275.69,279.4,271.97,278.45,"63,963,566"
48,10/21/2022,267.98,275.97,266.82,275.42,"77,897,688"
49,10/20/2022,269.58,274.84,267.92,269.11,"60,605,500"
50,10/19/2022,269.93,273.68,268.07,270.49,"53,115,406"
51,10/18/2022,276.53,277.21,268.74,271.48,"69,781,000"
52,10/17/2022,266.84,270.24,266.74,269.35,"64,576,449"
53,10/14/2022,271.2,271.81,260.14,260.74,"77,244,305"
54,10/13/2022,255.16,270.17,254.26,268.82,"112,894,094"
55,10/12/2022,263.4,265.36,261.95,262.66,"50,580,180"
56,10/11/2022,264.7,267.63,261.03,262.75,"66,522,516"
57,10/10/2022,269.3,269.7,263.64,266.41,"60,392,992"
58,10/07/2022,275.02,275.15,267.74,269.1,"71,354,672"
59,10/06/2022,280.96,284.18,279.43,279.76,"53,489,406"
60,10/05/2022,278.28,283.81,275.42,281.98,"55,766,320"
61,10/04/2022,278.99,282.85,278.99,282.13,"66,696,930"
62,10/03/2022,269.07,275.16,267.53,273.53,"61,267,449"
63,09/30/2022,271.03,275.19,267.1,267.26,"78,482,383"
64,09/29/2022,275.86,276.25,268.84,271.87,"81,215,961"
65,09/28/2022,274.46,281.25,272.95,279.94,"79,652,141"
66,09/27/2022,277.81,280.21,272.11,274.48,"69,780,117"
67,09/26/2022,275.03,279.49,273.56,274.37,"71,176,688"
68,09/23/2022,277.55,277.85,272.02,275.51,"74,815,195"
69,09/22/2022,282.0,283.03,278.82,280.07,"62,757,070"
70,09/21/2022,289.59,293.95,283.42,283.56,"82,930,961"
71,09/20/2022,288.49,291.07,286.38,288.73,"51,271,121"
72,09/19/2022,286.1,291.21,286.04,291.05,"52,613,832"
73,09/16/2022,287.72,289.72,285.62,289.32,"79,920,391"
74,09/15/2022,294.07,296.53,289.46,291.1,"65,299,406"
75,09/14/2022,294.87,296.93,293.06,296.03,"54,907,199"
76,09/13/2022,301.8,303.02,292.79,293.7,"79,562,172"
77,09/12/2022,308.5,311.08,308.18,310.74,"45,905,738"
78,09/09/2022,302.83,307.6,300.52,307.09,"56,125,219"
79,09/08/2022,296.85,301.87,295.45,300.52,"55,649,820"
80,09/07/2022,293.54,299.99,293.27,298.97,"49,260,379"
81,09/06/2022,295.66,296.6,290.87,293.05,"57,005,441"
82,09/02/2022,302.34,303.75,293.52,295.17,"64,666,840"
83,09/01/2022,296.72,299.78,292.95,299.4,"57,990,754"
84,08/31/2022,303.99,304.91,299.16,299.27,"50,044,039"
85,08/30/2022,306.1,306.73,298.44,301.02,"51,184,500"
86,08/29/2022,304.62,307.22,303.28,304.41,"48,321,848"
87,08/26/2022,320.28,321.51,307.35,307.44,"69,047,742"
88,08/25/2022,316.83,320.6,315.76,320.58,"38,098,262"
89,08/24/2022,313.61,316.87,312.99,315.01,"38,057,059"
90,08/23/2022,314.12,317.0,313.33,314.1,"39,497,070"
91,08/22/2022,318.5,318.74,313.53,314.36,"51,098,887"
92,08/19/2022,326.17,326.84,322.08,322.86,"51,770,566"
93,08/18/2022,328.44,330.49,326.79,329.28,"41,937,168"
94,08/17/2022,329.07,331.43,326.36,328.49,"47,842,160"
95,08/16/2022,332.06,334.42,329.16,332.28,"41,186,859"
96,08/15/2022,329.42,333.57,329.4,333.06,"38,266,609"
97,08/12/2022,326.18,330.59,325.1,330.39,"40,928,379"
98,08/11/2022,328.31,330.36,323.36,324.08,"45,897,648"
99,08/10/2022,324.59,326.23,322.06,325.93,"51,459,559"
100,08/09/2022,318.77,319.03,315.42,317.08,"39,764,219"
101,08/08/2022,322.69,326.47,319.21,320.71,"44,066,301"
102,08/05/2022,319.19,323.83,318.39,321.75,"53,893,969"
103,08/04/2022,322.97,324.72,320.77,324.4,"38,973,660"
104,08/03/2022,316.05,323.73,315.99,322.89,"53,735,727"
105,08/02/2022,312.92,318.55,311.84,314.33,"48,676,500"
106,08/01/2022,313.65,318.81,312.53,315.27,"46,358,832"
107,07/29/2022,311.39,316.39,309.93,315.46,"57,501,039"
108,07/28/2022,306.59,310.4,302.75,309.81,"55,139,941"
109,07/27/2022,299.04,308.54,298.46,306.81,"69,304,359"
110,07/26/2022,298.53,298.79,293.54,294.37,"50,074,121"
111,07/25/2022,302.02,302.5,298.22,300.27,"40,582,379"
112,07/22/2022,306.43,308.55,300.12,301.99,"57,127,719"
113,07/21/2022,303.5,307.44,300.78,307.38,"55,049,359"
114,07/20/2022,298.73,304.24,297.93,303.03,"67,769,430"
115,07/19/2022,293.11,298.6,291.47,298.3,"55,172,641"
116,07/18/2022,294.72,296.16,288.2,289.4,"59,519,578"
117,07/15/2022,289.73,291.98,288.08,291.87,"63,818,152"
118,07/14/2022,282.99,287.56,279.8,286.67,"63,741,840"
119,07/13/2022,280.6,288.05,280.02,285.65,"73,939,422"
120,07/12/2022,290.32,292.28,284.61,286.24,"55,797,090"
121,07/11/2022,292.88,293.11,288.14,289.04,"55,273,922"
122,07/08/2022,292.08,296.75,291.12,295.35,"59,895,480"
123,07/07/2022,289.63,295.7,289.63,294.98,"56,620,113"
124,07/06/2022,287.35,290.95,285.59,288.8,"63,194,719"
125,07/05/2022,278.31,287.08,276.75,286.96,"61,829,273"
126,07/01/2022,278.95,282.53,277.03,282.13,"56,675,113"
127,06/30/2022,280.75,283.94,275.78,280.28,"79,313,586"
128,06/29/2022,283.4,285.34,280.84,283.8,"57,302,727"
129,06/28/2022,293.0,295.65,283.35,283.54,"61,867,059"
130,06/27/2022,296.0,296.58,291.29,292.45,"54,151,449"
131,06/24/2022,287.74,295.04,287.5,294.61,"58,422,262"
132,06/23/2022,283.21,285.72,280.31,284.85,"57,457,801"
133,06/22/2022,278.52,285.18,277.91,280.67,"67,472,922"
134,06/21/2022,278.75,283.45,278.64,281.08,"51,633,738"
135,06/17/2022,272.18,277.19,270.51,274.69,"82,703,398"
136,06/16/2022,275.59,276.06,269.28,271.39,"81,910,305"
137,06/15/2022,279.42,286.83,276.61,282.8,"86,051,430"
138,06/14/2022,277.66,278.66,273.34,275.91,"64,697,520"
139,06/13/2022,279.75,282.34,274.53,275.41,"94,442,008"
140,06/10/2022,293.65,294.87,288.38,288.84,"85,963,453"
141,06/09/2022,305.91,309.05,299.23,299.4,"55,900,480"
142,06/08/2022,309.05,311.72,306.77,307.64,"38,342,059"
143,06/07/2022,303.81,310.67,302.69,309.87,"44,900,289"
144,06/06/2022,310.75,312.35,305.62,307.22,"51,785,008"
145,06/03/2022,309.03,310.47,304.92,306.2,"60,914,680"
146,06/02/2022,304.85,314.56,303.4,314.38,"59,291,328"
147,06/01/2022,310.47,312.65,303.73,306.0,"65,341,648"
148,05/31/2022,309.07,311.33,304.33,308.28,"60,968,328"
149,05/27/2022,302.54,309.25,302.42,309.1,"66,985,602"
150,05/26/2022,290.44,300.92,290.15,299.33,"59,462,230"
151,05/25/2022,285.71,293.39,285.5,291.26,"67,144,555"
152,05/24/2022,288.13,288.86,282.25,287.24,"73,491,117"
153,05/23/2022,289.75,293.87,287.29,293.48,"63,648,398"
154,05/20/2022,293.13,293.8,280.21,288.68,"91,764,172"
155,05/19/2022,289.29,294.39,287.58,289.58,"79,920,711"
156,05/18/2022,301.54,302.25,289.85,291.14,"79,477,109"
157,05/17/2022,304.45,306.56,300.55,306.17,"62,715,289"
158,05/16/2022,300.15,302.26,297.13,298.44,"59,190,434"
159,05/13/2022,295.72,303.0,294.08,301.94,"83,684,930"
160,05/12/2022,287.45,295.75,284.94,291.15,"120,910,898"
161,05/11/2022,298.44,304.09,290.95,291.84,"140,326,094"
162,05/10/2022,304.51,305.76,296.57,300.76,"124,124,602"
163,05/09/2022,303.48,309.35,295.72,297.15,"113,387,297"
164,05/06/2022,310.95,315.09,305.11,309.25,"139,572,797"
165,05/05/2022,325.17,325.25,309.62,313.0,"154,607,391"
166,05/04/2022,319.31,330.29,313.89,329.6,"116,083,398"
167,05/03/2022,318.5,321.17,315.98,318.82,"78,185,531"
168,05/02/2022,312.83,318.72,309.65,318.48,"115,511,797"
169,04/29/2022,323.7,327.23,312.6,313.25,"91,977,859"
170,04/28/2022,321.85,329.89,317.52,328.01,"99,449,961"
171,04/27/2022,317.24,322.88,315.0,316.76,"111,204,203"
172,04/26/2022,327.47,327.66,316.86,317.14,"105,819,602"
173,04/25/2022,323.73,329.9,322.43,329.58,"101,755,906"
174,04/22/2022,334.31,335.56,324.96,325.4,"82,562,148"
175,04/21/2022,345.19,347.87,333.2,334.15,"75,801,008"
176,04/20/2022,347.09,347.56,339.96,341.21,"65,500,020"
177,04/19/2022,338.03,346.85,336.98,346.26,"56,515,680"
178,04/18/2022,337.35,341.04,335.79,338.69,"58,560,559"
179,04/14/2022,346.44,346.97,338.21,338.43,"73,519,367"
180,04/13/2022,339.8,347.43,339.06,346.35,"61,367,762"
181,04/12/2022,345.76,347.69,338.04,339.45,"72,790,227"
182,04/11/2022,344.81,345.75,340.54,340.89,"66,107,398"
183,04/08/2022,352.32,353.09,348.5,349.15,"61,956,090"
184,04/07/2022,352.24,356.35,348.69,354.1,"63,777,367"
185,04/06/2022,355.65,356.78,350.56,353.26,"90,077,070"
186,04/05/2022,367.81,368.54,359.93,361.1,"62,738,660"
187,04/04/2022,362.71,369.31,362.44,369.3,"45,950,168"
188,04/01/2022,362.81,363.61,358.59,361.85,"54,527,762"
189,03/31/2022,367.24,367.6,361.68,362.54,"67,011,406"
190,03/30/2022,369.28,370.98,365.57,367.09,"68,757,711"
191,03/29/2022,368.9,371.83,366.06,371.19,"68,072,961"
192,03/28/2022,359.34,365.01,358.07,364.91,"56,833,871"
193,03/25/2022,359.59,360.67,354.94,359.35,"57,584,160"
194,03/24/2022,353.8,359.7,351.59,359.65,"53,555,246"
195,03/23/2022,354.01,357.66,351.77,351.83,"70,615,453"
196,03/22/2022,350.59,357.85,350.2,356.96,"63,345,930"
197,03/21/2022,350.2,352.48,345.58,350.08,"73,799,070"
198,03/18/2022,342.74,351.79,341.55,351.49,"85,446,352"
199,03/17/2022,338.37,344.5,337.04,344.44,"67,809,953"
200,03/16/2022,332.17,340.44,328.4,340.32,"105,243,000"
201,03/15/2022,320.88,328.95,319.23,328.15,"76,470,992"
202,03/14/2022,323.13,326.59,317.45,318.17,"79,802,609"
203,03/11/2022,334.32,334.64,323.9,324.4,"66,228,430"
204,03/10/2022,330.82,332.51,326.71,331.27,"69,362,711"
205,03/09/2022,331.75,336.38,329.09,334.99,"64,723,367"
206,03/08/2022,324.05,333.21,319.94,323.35,"116,153,906"
207,03/07/2022,337.29,338.48,324.65,324.86,"89,933,789"
208,03/04/2022,339.84,341.31,334.92,337.3,"77,009,758"
209,03/03/2022,349.93,350.04,340.35,342.26,"71,089,391"
210,03/02/2022,343.08,348.59,340.24,347.22,"70,609,023"
211,03/01/2022,345.75,348.08,338.9,341.49,"67,407,000"
212,02/28/2022,342.51,348.54,341.32,346.8,"77,515,539"
213,02/25/2022,341.31,345.98,337.39,345.77,"78,842,086"
214,02/24/2022,318.84,341.04,318.26,340.49,"130,614,094"
215,02/23/2022,341.32,342.18,329.1,329.42,"86,215,367"
216,02/22/2022,338.49,344.04,334.35,338.08,"85,967,102"
217,02/18/2022,346.41,346.81,339.14,341.51,"80,001,516"
218,02/17/2022,352.74,353.46,345.02,345.45,"61,801,352"
219,02/16/2022,353.82,357.09,350.71,356.04,"58,947,090"
220,02/15/2022,352.91,356.37,351.82,356.13,"55,390,809"
221,02/14/2022,346.49,350.98,343.89,347.49,"80,254,438"
222,02/11/2022,358.43,360.07,345.8,347.06,"101,569,102"
223,02/10/2022,359.52,366.49,356.54,358.43,"112,468,492"
224,02/09/2022,363.76,366.81,362.12,366.73,"55,766,422"
225,02/08/2022,353.96,360.24,352.8,359.12,"64,720,898"
226,02/07/2022,358.62,361.05,353.84,355.13,"58,198,090"
227,02/04/2022,354.08,361.4,351.97,358.01,"86,318,305"
228,02/03/2022,358.53,361.93,352.46,353.55,"95,384,766"
229,02/02/2022,369.76,370.1,364.29,368.49,"78,777,133"
230,02/01/2022,364.43,366.19,359.14,365.52,"74,433,023"
231,01/31/2022,353.2,363.65,351.52,363.05,"94,326,391"
232,01/28/2022,343.03,352.02,337.95,351.8,"108,167,906"
233,01/27/2022,349.4,351.27,340.05,341.1,"95,255,664"
234,01/26/2022,352.91,356.88,340.78,344.57,"146,559,500"
235,01/25/2022,346.67,351.03,341.68,345.11,"124,398,398"
236,01/24/2022,345.91,353.98,334.15,353.3,"199,448,094"
237,01/21/2022,359.47,362.18,351.4,351.69,"143,388,891"
238,01/20/2022,369.79,373.87,361.17,361.72,"88,610,680"
239,01/19/2022,372.15,374.69,366.21,366.48,"81,791,477"
240,01/18/2022,374.04,376.22,369.77,370.55,"75,812,305"
241,01/14/2022,375.07,380.35,374.86,380.01,"80,121,211"
242,01/13/2022,388.77,389.47,376.7,377.66,"77,993,961"
243,01/12/2022,388.46,390.2,385.01,387.35,"54,576,367"
244,01/11/2022,379.36,385.99,377.22,385.82,"68,295,695"
245,01/10/2022,374.82,380.64,369.31,380.11,"91,770,492"
246,01/07/2022,384.03,385.76,378.04,379.86,"72,652,305"
247,01/06/2022,382.42,387.35,380.13,384.02,"70,814,320"
248,01/05/2022,394.74,395.89,384.03,384.29,"75,739,852"
249,01/04/2022,402.24,402.28,393.29,396.47,"58,027,207"
250,01/03/2022,399.05,401.94,396.88,401.68,"40,575,848"
0,11/03/2023,364.75,369.02,364.52,367.71,"53,280,461"
1,11/02/2023,361.54,363.68,360.3,363.44,"58,162,441"
2,11/01/2023,351.72,357.53,351.62,356.96,"58,992,672"
3,10/31/2023,349.23,351.25,346.62,350.87,"47,671,910"
4,10/30/2023,347.83,350.54,346.45,349.2,"55,298,539"
5,10/27/2023,346.43,348.84,344.08,345.31,"63,476,711"
6,10/26/2023,349.12,350.07,342.35,343.66,"78,621,430"
7,10/25/2023,356.7,356.88,349.75,350.34,"71,190,547"
8,10/24/2023,357.51,359.91,355.79,359.13,"47,082,078"
9,10/23/2023,353.26,359.26,351.12,355.67,"60,665,191"
10,10/20/2023,359.46,360.04,354.37,354.6,"72,559,719"
11,10/19/2023,364.81,366.02,359.16,359.97,"72,274,242"
12,10/18/2023,365.67,367.91,362.02,363.37,"54,280,488"
13,10/17/2023,365.81,369.92,363.66,368.2,"50,999,102"
14,10/16/2023,366.62,370.48,366.47,369.41,"44,201,059"
15,10/13/2023,370.57,371.16,363.86,365.28,"52,519,879"
16,10/12/2023,371.73,373.74,367.5,369.93,"49,587,941"
17,10/11/2023,369.94,371.41,368.19,371.22,"38,215,090"
18,10/10/2023,366.9,371.28,366.39,368.59,"46,968,809"
19,10/09/2023,362.3,367.11,360.78,366.56,"45,304,770"
20,10/06/2023,355.65,365.91,354.85,364.7,"75,049,117"
21,10/05/2023,359.74,360.15,355.14,358.69,"45,897,391"
22,10/04/2023,355.77,360.61,355.3,359.75,"54,786,688"
23,10/03/2023,358.78,361.01,353.28,354.92,"60,478,488"
24,10/02/2023,358.54,362.68,357.92,361.26,"51,625,047"
25,09/29/2023,361.54,362.95,357.02,358.27,"64,829,621"
26,09/28/2023,354.11,360.17,353.24,358.01,"56,453,312"
27,09/27/2023,355.38,356.98,351.36,355.04,"56,065,969"
28,09/26/2023,356.99,357.54,353.21,354.21,"53,657,754"
29,09/25/2023,356.93,359.7,355.93,359.61,"39,167,992"
30,09/22/2023,359.63,361.8,357.59,357.91,"51,589,688"
31,09/21/2023,360.8,361.6,357.69,357.86,"69,734,852"
32,09/20/2023,370.95,371.31,364.46,364.54,"45,514,191"
33,09/19/2023,369.32,370.68,366.8,369.87,"37,621,727"
34,09/18/2023,369.32,371.79,369.03,370.66,"36,903,551"
35,09/15/2023,375.91,376.32,369.86,370.81,"69,811,211"
36,09/14/2023,375.99,378.27,373.89,377.27,"48,039,391"
37,09/13/2023,373.03,375.84,371.88,374.21,"46,300,680"
38,09/12/2023,375.27,376.95,372.5,372.79,"41,391,020"
39,09/11/2023,375.66,377.49,373.66,376.97,"39,936,633"
40,09/08/2023,372.01,374.85,371.6,372.58,"35,847,359"
41,09/07/2023,370.21,372.85,369.15,372.06,"52,060,719"
42,09/06/2023,377.28,377.63,372.7,374.74,"42,998,738"
43,09/05/2023,376.77,379.31,375.83,378.07,"32,344,221"
44,09/01/2023,380.4,380.83,376.08,377.59,"39,801,180"
45,08/31/2023,376.94,379.72,376.87,377.99,"35,730,699"
46,08/30/2023,374.88,377.45,373.86,376.86,"41,731,512"
47,08/29/2023,366.56,375.13,366.23,374.77,"58,492,367"
48,08/28/2023,366.99,367.71,364.25,366.76,"40,910,020"
49,08/25/2023,362.07,365.74,358.58,364.02,"69,960,469"
50,08/24/2023,372.64,372.74,361.01,361.22,"66,842,484"
51,08/23/2023,364.58,370.22,364.36,369.11,"51,770,602"
52,08/22/2023,366.55,366.56,362.68,363.38,"44,613,512"
53,08/21/2023,359.62,364.59,359.15,363.9,"50,696,520"
54,08/18/2023,355.26,359.41,354.71,358.13,"61,191,391"
55,08/17/2023,363.96,364.31,358.16,358.58,"62,604,340"
56,08/16/2023,365.87,367.43,362.44,362.54,"53,190,527"
57,08/15/2023,369.36,370.17,365.74,366.42,"45,539,887"
58,08/14/2023,365.43,370.47,364.7,370.35,"42,130,801"
59,08/11/2023,365.99,368.0,364.69,366.24,"48,707,191"
60,08/10/2023,370.97,374.36,367.04,368.59,"72,035,273"
61,08/09/2023,372.29,372.45,367.14,367.91,"51,150,898"
62,08/08/2023,372.64,372.66,368.82,372.0,"44,726,449"
63,08/07/2023,373.88,375.29,371.51,375.19,"37,230,441"
64,08/04/2023,375.75,378.1,371.53,372.04,"61,702,762"
65,08/03/2023,371.94,375.95,371.77,373.79,"47,855,379"
66,08/02/2023,379.26,379.26,373.13,374.39,"72,687,109"
67,08/01/2023,382.31,383.56,380.69,382.79,"41,308,461"
68,07/31/2023,383.79,384.88,382.34,383.68,"44,019,910"
69,07/28/2023,380.74,384.52,380.22,383.48,"56,902,930"
70,07/27/2023,383.07,384.71,375.31,376.62,"63,940,230"
71,07/26/2023,377.72,379.24,375.18,377.52,"47,075,711"
72,07/25/2023,376.95,380.47,376.93,378.78,"38,894,379"
73,07/24/2023,376.62,377.58,374.34,376.23,"40,380,059"
74,07/21/2023,379.18,379.92,375.19,375.63,"60,499,641"
75,07/20/2023,382.61,384.1,375.72,376.76,"71,941,672"
76,07/19/2023,386.82,387.98,384.3,385.65,"54,092,961"
77,07/18/2023,381.96,387.13,380.0,385.74,"55,343,441"
78,07/17/2023,379.8,383.5,379.31,382.61,"40,868,922"
79,07/14/2023,379.59,382.86,378.18,379.07,"55,148,500"
80,07/13/2023,376.05,379.99,375.46,379.15,"46,960,008"
81,07/12/2023,372.34,374.19,370.3,372.82,"61,703,699"
82,07/11/2023,366.79,368.63,364.62,368.17,"38,214,152"
83,07/10/2023,365.96,367.05,363.41,366.36,"48,498,801"
84,07/07/2023,367.23,370.48,366.01,366.24,"47,133,754"
85,07/06/2023,366.51,367.91,364.52,367.46,"49,374,727"
86,07/05/2023,368.7,372.01,368.66,370.28,"34,460,879"
87,07/03/2023,370.07,370.93,368.97,370.29,"19,379,820"
88,06/30/2023,367.55,370.49,367.23,369.42,"58,712,500"
89,06/29/2023,364.24,364.89,362.14,363.81,"46,150,969"
90,06/28/2023,361.98,366.52,361.9,364.54,"46,498,031"
91,06/27/2023,359.25,364.57,358.51,363.83,"49,428,090"
92,06/26/2023,362.0,364.84,357.59,357.68,"52,685,480"
93,06/23/2023,362.21,364.88,360.82,362.54,"48,922,910"
94,06/22/2023,360.63,366.33,360.22,366.17,"47,603,039"
95,06/21/2023,365.74,366.18,360.96,361.9,"53,378,262"
96,06/20/2023,365.95,368.32,363.89,366.9,"49,204,719"
97,06/16/2023,372.72,372.85,367.48,367.93,"80,931,969"
98,06/15/2023,364.61,371.77,363.98,370.26,"71,138,812"
99,06/14/2023,363.27,366.19,360.42,365.9,"69,525,641"
100,06/13/2023,363.29,364.11,360.03,363.26,"57,097,801"
101,06/12/2023,356.19,360.59,355.2,360.49,"44,817,648"
102,06/09/2023,354.63,357.66,353.03,354.5,"53,196,930"
103,06/08/2023,349.12,353.62,348.89,353.15,"47,153,922"
104,06/07/2023,355.13,357.12,348.18,348.82,"69,225,938"
105,06/06/2023,354.28,355.82,352.93,354.84,"41,390,398"
106,06/05/2023,354.43,357.5,353.85,354.9,"47,266,230"
107,06/02/2023,353.8,355.83,352.01,354.65,"53,372,113"
108,06/01/2023,347.73,353.36,346.66,352.01,"50,488,602"
109,05/31/2023,348.37,350.6,346.51,347.99,"65,105,379"
110,05/30/2023,352.71,353.93,348.53,349.98,"72,652,156"
111,05/26/2023,340.76,349.25,340.66,348.4,"63,006,953"
112,05/25/2023,339.14,341.01,336.67,339.72,"66,862,766"
113,05/24/2023,331.37,332.91,329.56,331.65,"62,891,168"
114,05/23/2023,335.89,337.06,333.0,333.36,"48,216,660"
115,05/22/2023,336.25,338.67,336.24,337.64,"43,015,953"
116,05/19/2023,337.49,338.21,335.43,336.51,"61,554,930"
117,05/18/2023,331.52,337.49,331.5,337.27,"64,213,473"
118,05/17/2023,328.24,331.71,327.04,331.12,"47,486,121"
119,05/16/2023,326.06,328.9,326.02,327.16,"40,019,152"
120,05/15/2023,325.51,327.03,323.96,326.79,"33,375,559"
121,05/12/2023,326.74,327.17,322.94,325.03,"48,432,840"
122,05/11/2023,325.7,326.75,324.12,326.2,"44,278,551"
123,05/10/2023,324.12,326.01,321.6,325.14,"60,446,621"
124,05/09/2023,322.0,322.88,321.32,321.64,"31,768,801"
125,05/08/2023,322.42,324.04,321.32,323.69,"36,465,801"
126,05/05/2023,318.47,323.76,316.21,322.89,"51,806,102"
127,05/04/2023,317.06,318.23,315.12,316.17,"50,224,520"
128,05/03/2023,319.75,322.47,317.18,317.29,"59,882,070"
129,05/02/2023,322.12,322.45,317.61,319.38,"56,519,406"
130,05/01/2023,322.09,323.63,321.09,322.19,"41,013,391"
131,04/28/2023,320.11,322.65,318.96,322.56,"59,712,641"
132,04/27/2023,315.7,320.86,315.05,320.35,"65,430,391"
133,04/26/2023,313.44,314.94,311.34,311.87,"55,400,500"
134,04/25/2023,314.29,314.97,309.89,309.99,"57,121,641"
135,04/24/2023,316.38,317.74,313.74,315.95,"44,043,059"
136,04/21/2023,315.91,317.4,314.1,316.61,"59,002,289"
137,04/20/2023,315.69,319.27,314.97,316.28,"62,462,141"
138,04/19/2023,316.41,319.79,316.28,318.71,"38,960,129"
139,04/18/2023,320.99,321.42,317.64,318.86,"46,746,941"
140,04/17/2023,318.15,319.2,316.04,318.84,"43,007,020"
141,04/14/2023,317.59,320.36,315.61,318.57,"56,278,281"
142,04/13/2023,314.83,319.65,313.63,319.17,"54,613,793"
143,04/12/2023,317.82,318.42,312.57,313.04,"62,813,312"
144,04/11/2023,317.83,317.89,315.31,315.83,"40,113,594"
145,04/10/2023,315.07,317.92,313.25,317.87,"45,134,738"
146,04/06/2023,314.24,318.55,312.82,318.05,"46,916,500"
147,04/05/2023,318.1,319.06,314.07,315.92,"62,795,711"
148,04/04/2023,320.6,321.63,317.83,319.07,"45,875,379"
149,04/03/2023,318.77,320.42,317.42,320.15,"47,126,840"
150,03/31/2023,315.91,321.17,315.6,320.93,"62,138,102"
151,03/30/2023,315.24,316.32,312.81,315.68,"58,354,809"
152,03/29/2023,310.88,313.35,310.05,312.72,"53,274,273"
153,03/28/2023,308.17,308.2,304.77,307.12,"48,585,922"
154,03/27/2023,311.6,312.7,307.89,308.76,"50,287,406"
155,03/24/2023,309.32,310.99,306.95,310.89,"57,245,801"
156,03/23/2023,309.92,314.15,307.01,309.75,"74,575,984"
157,03/22/2023,310.27,315.25,305.95,306.12,"75,791,914"
158,03/21/2023,307.94,310.8,306.4,310.34,"49,757,047"
159,03/20/2023,304.26,306.3,302.01,305.97,"56,359,488"
160,03/17/2023,306.72,309.15,303.37,305.36,"89,923,727"
161,03/16/2023,298.0,307.18,297.19,306.81,"98,556,812"
162,03/15/2023,294.71,299.27,293.24,298.93,"83,631,539"
163,03/14/2023,294.31,297.93,293.45,297.37,"73,602,555"
164,03/13/2023,286.73,294.47,285.19,290.69,"97,123,602"
165,03/10/2023,292.83,294.35,287.38,288.55,"98,593,562"
166,03/09/2023,298.33,300.98,291.83,292.66,"71,456,688"
167,03/08/2023,296.77,298.43,294.88,297.82,"50,876,273"
168,03/07/2023,300.07,301.01,295.72,296.34,"65,955,758"
169,03/06/2023,300.94,304.0,299.82,300.02,"56,736,289"
170,03/03/2023,295.39,299.92,294.87,299.68,"60,511,539"
171,03/02/2023,288.66,294.43,288.37,293.61,"53,738,559"
172,03/01/2023,293.26,293.93,290.2,291.2,"58,286,969"
173,02/28/2023,293.3,296.12,292.96,293.56,"48,243,141"
174,02/27/2023,295.07,296.49,293.34,293.94,"48,995,008"
175,02/24/2023,291.76,292.97,290.05,291.85,"74,331,961"
176,02/23/2023,297.97,298.13,292.55,296.82,"69,294,438"
177,02/22/2023,294.62,296.36,292.56,294.25,"51,389,238"
178,02/21/2023,297.26,298.73,293.89,294.03,"46,526,711"
179,02/17/2023,301.07,301.93,298.1,301.16,"58,230,727"
180,02/16/2023,304.38,308.43,303.15,303.3,"59,498,633"
181,02/15/2023,304.9,309.27,304.2,309.1,"43,427,301"
182,02/14/2023,302.89,307.72,300.91,306.75,"64,079,059"
183,02/13/2023,301.13,305.1,299.93,304.5,"39,636,719"
184,02/10/2023,299.48,301.57,297.25,299.7,"50,050,102"
185,02/09/2023,308.84,308.99,300.2,301.68,"49,137,820"
186,02/08/2023,308.54,309.5,303.67,304.37,"56,720,859"
187,02/07/2023,303.46,311.03,302.32,309.88,"67,583,984"
188,02/06/2023,303.51,305.91,302.22,303.59,"40,802,352"
189,02/03/2023,304.94,312.39,304.54,306.18,"76,170,797"
190,02/02/2023,307.57,313.68,306.73,311.72,"83,070,633"
191,02/01/2023,294.41,303.43,292.3,300.92,"67,562,172"
192,01/31/2023,290.31,294.72,290.2,294.62,"46,705,113"
193,01/30/2023,292.93,294.38,289.89,290.27,"49,405,832"
194,01/27/2023,292.0,298.26,291.88,296.26,"56,441,941"
195,01/26/2023,291.22,293.52,288.52,293.34,"51,596,340"
196,01/25/2023,283.77,288.36,281.18,287.73,"50,872,020"
197,01/24/2023,287.31,289.55,286.78,288.37,"44,875,152"
198,01/23/2023,283.54,290.21,282.73,288.96,"52,799,910"
199,01/20/2023,276.79,283.02,275.71,282.68,"60,613,609"
200,01/19/2023,276.22,277.38,273.89,275.15,"44,150,441"
201,01/18/2023,283.11,284.69,277.67,277.88,"47,754,551"
202,01/17/2023,280.77,282.85,279.58,281.54,"36,269,738"
203,01/13/2023,276.5,281.22,276.16,280.97,"44,802,941"
204,01/12/2023,278.12,280.1,273.74,279.05,"60,599,953"
205,01/11/2023,273.92,277.66,273.12,277.55,"44,077,039"
206,01/10/2023,269.49,272.94,268.97,272.83,"35,247,762"
207,01/09/2023,270.83,275.29,269.92,270.54,"45,568,680"
208,01/06/2023,263.35,269.94,260.34,268.8,"54,659,738"
209,01/05/2023,264.04,264.21,261.26,261.58,"45,396,738"
210,01/04/2023,266.64,267.45,262.53,265.74,"47,754,859"
211,01/03/2023,268.65,270.16,262.13,264.48,"42,335,328"
