Date,Open,High,Low,Close,Adj Close,Volume
12/3/18,16.040001,17.280001,15.94,16.440001,16.440001,0
12/4/18,16.84,21.940001,16.26,20.74,20.74,0
12/5/18,null,null,null,null,null,null
12/6/18,23.530001,25.940001,20.940001,21.190001,21.190001,0
12/7/18,22.42,24.709999,19.9,23.23,23.23,0
12/10/18,23.950001,25.940001,22.5,22.639999,22.639999,0
12/11/18,22.959999,23.6,21.389999,21.76,21.76,0
12/12/18,21.91,21.91,20.5,21.459999,21.459999,0
12/13/18,21,21.57,20.34,20.65,20.65,0
12/14/18,21.57,22.469999,20.950001,21.629999,21.629999,0
12/17/18,22.360001,25.879999,21.969999,24.52,24.52,0
12/18/18,24.68,26.139999,23.639999,25.58,25.58,0
12/19/18,25.15,26.639999,22.5,25.58,25.58,0
12/20/18,26.09,30.299999,24.68,28.379999,28.379999,0
12/21/18,28.24,31.35,25.709999,30.110001,30.110001,0
12/24/18,29.290001,36.099998,29.16,36.07,36.07,0
12/25/18,null,null,null,null,null,null
12/26/18,35.5,36.200001,29.59,30.41,30.41,0
12/27/18,31.200001,33.799999,29.66,29.959999,29.959999,0
12/28/18,29.969999,31.049999,27.43,28.34,28.34,0
12/31/18,27.59,27.639999,25.33,25.42,25.42,0
1/1/19,null,null,null,null,null,null
1/2/19,27.540001,28.530001,23.049999,23.219999,23.219999,0
1/3/19,25.68,26.6,24.049999,25.450001,25.450001,0
1/4/19,24.360001,24.48,21.190001,21.379999,21.379999,0
1/7/19,22.059999,22.709999,20.91,21.4,21.4,0
1/8/19,20.959999,22.030001,20.09,20.469999,20.469999,0
1/9/19,20.440001,22.799999,19.48,19.98,19.98,0
1/10/19,20.98,21.32,19.290001,19.5,19.5,0
1/11/19,19.68,20.16,18.120001,18.190001,18.190001,0
1/14/19,19.84,20.27,18.700001,19.07,19.07,0
1/15/19,18.530001,19.200001,17.98,18.6,18.6,0
1/16/19,18.08,19.040001,17.76,19.040001,19.040001,0
1/17/19,19.51,19.719999,17.85,18.059999,18.059999,0
1/18/19,17.799999,18.18,17.17,17.799999,17.799999,0
1/21/19,null,null,null,null,null,null
1/22/19,18.530001,21.15,18.200001,20.799999,20.799999,0
1/23/19,20.85,22.02,19.469999,19.52,19.52,0
1/24/19,19.690001,20.25,18.629999,18.889999,18.889999,0
1/25/19,18.43,18.459999,17.309999,17.42,17.42,0
1/28/19,18.559999,20.42,18.42,18.870001,18.870001,0
1/29/19,19.450001,19.93,18.42,19.129999,19.129999,0
1/30/19,19.15,19.309999,17.540001,17.66,17.66,0
1/31/19,17.389999,17.719999,16.540001,16.57,16.57,0
2/1/19,16.629999,16.83,16.08,16.139999,16.139999,0
2/4/19,16.719999,16.73,15.6,15.73,15.73,0
2/5/19,15.79,15.94,15.04,15.57,15.57,0
2/6/19,15.44,15.87,15.09,15.38,15.38,0
2/7/19,15.66,17.889999,15.51,16.370001,16.370001,0
2/8/19,16.809999,17.629999,15.62,15.72,15.72,0
2/11/19,16.17,16.5,15.34,15.97,15.97,0
2/12/19,15.23,15.65,14.95,15.43,15.43,0
2/13/19,15.46,15.91,15,15.65,15.65,0
2/14/19,15.61,17.27,15.3,16.219999,16.219999,0
2/15/19,16.82,16.82,14.79,14.91,14.91,0
2/18/19,null,null,null,null,null,null
2/19/19,15.65,16.16,14.64,14.88,14.88,0
2/20/19,14.92,15.19,13.99,14.02,14.02,0
2/21/19,14,15.17,13.85,14.46,14.46,0
2/22/19,14.46,14.47,13.51,13.51,13.51,0
2/25/19,13.91,14.9,13.44,14.85,14.85,0
2/26/19,15.16,15.28,14.52,15.17,15.17,0
2/27/19,15.53,16.17,14.7,14.7,14.7,0
2/28/19,15.17,15.24,14.39,14.78,14.78,0
3/1/19,14.57,14.84,13.41,13.57,13.57,0
3/4/19,13.77,16.98,13.38,14.63,14.63,0
3/5/19,14.52,15.39,14.26,14.74,14.74,0
3/6/19,14.91,16.110001,14.74,15.74,15.74,0
3/7/19,16.33,17.809999,15.54,16.59,16.59,0
3/8/19,17.379999,18.33,16.02,16.049999,16.049999,0
3/11/19,16.280001,16.43,14.33,14.33,14.33,0
3/12/19,13.97,14.7,13.61,13.77,13.77,0
3/13/19,14,14.05,13.25,13.41,13.41,0
3/14/19,13.35,13.84,13.16,13.5,13.5,0
3/15/19,13.21,13.28,12.5,12.88,12.88,0
3/18/19,13.13,13.8,13,13.1,13.1,0
3/19/19,12.89,13.77,12.37,13.56,13.56,0
3/20/19,13.54,14.3,13.05,13.91,13.91,0
3/21/19,14.11,14.56,13.26,13.63,13.63,0
3/22/19,13.77,17.52,13.62,16.48,16.48,0
3/25/19,17.76,17.85,16.26,16.33,16.33,0
3/26/19,16.219999,16.299999,14.67,14.68,14.68,0
3/27/19,14.52,16.709999,14.51,15.15,15.15,0
3/28/19,15.38,15.62,14.41,14.43,14.43,0
3/29/19,14.19,14.43,13.64,13.71,13.71,0
4/1/19,13.9,14.01,13.32,13.4,13.4,0
4/2/19,13.62,13.68,13.13,13.36,13.36,0
4/3/19,13.06,14.27,12.85,13.74,13.74,0
4/4/19,13.84,14.03,13.4,13.58,13.58,0
4/5/19,13.46,13.47,12.17,12.82,12.82,0
4/8/19,13.55,13.77,13.1,13.18,13.18,0
4/9/19,13.46,14.39,13.31,14.28,14.28,0
4/10/19,14.09,14.29,13.27,13.3,13.3,0
4/11/19,13.37,13.58,12.91,13.02,13.02,0
4/12/19,12.96,12.96,11.95,12.01,12.01,0
4/15/19,12.46,13.14,12.24,12.32,12.32,0
4/16/19,12.26,12.47,11.85,12.18,12.18,0
4/17/19,12.12,13.02,11.03,12.6,12.6,0
4/18/19,12.8,13.12,12.02,12.09,12.09,0
4/19/19,null,null,null,null,null,null
4/22/19,13.21,13.36,12.38,12.42,12.42,0
4/23/19,12.66,12.69,12.08,12.28,12.28,0
4/24/19,12.53,13.23,12.26,13.14,13.14,0
4/25/19,13.29,14.3,12.81,13.25,13.25,0
4/26/19,13.44,13.62,12.49,12.73,12.73,0
4/29/19,13.04,13.27,12.65,13.11,13.11,0
4/30/19,13.11,14.05,12.88,13.12,13.12,0
5/1/19,12.86,14.83,12.74,14.8,14.8,0
5/2/19,14.35,15.92,13.8,14.42,14.42,0
5/3/19,14.11,14.15,12.8,12.87,12.87,0
5/6/19,12.89,18.799999,12.89,15.44,15.44,0
5/7/19,15.9,21.84,15.8,19.32,19.32,0
5/8/19,18.950001,21.74,18.290001,19.4,19.4,0
5/9/19,21.4,23.379999,18.870001,19.1,19.1,0
5/10/19,18.790001,20.190001,15.57,16.040001,16.040001,0
5/13/19,18.620001,21.32,18.35,20.549999,20.549999,0
5/14/19,19.4,19.65,17.450001,18.059999,18.059999,0
5/15/19,17.57,19.15,16.41,16.440001,16.440001,0
5/16/19,16.690001,17.129999,15.16,15.29,15.29,0
5/17/19,15.89,16.809999,14.86,15.96,15.96,0
5/20/19,15.88,17.629999,15.46,16.309999,16.309999,0
5/21/19,15.86,16.219999,14.79,14.95,14.95,0
5/22/19,15.06,15.44,14.42,14.75,14.75,0
5/23/19,15.93,18.049999,15.28,16.92,16.92,0
5/24/19,16.34,16.52,15.52,15.85,15.85,0
5/27/19,null,null,null,null,null,null
5/28/19,16.549999,17.700001,15.9,17.5,17.5,0
5/29/19,18.549999,19.040001,17.620001,17.9,17.9,0
5/30/19,17.469999,18.110001,16.719999,17.299999,17.299999,0
5/31/19,19.049999,19.719999,18.01,18.709999,18.709999,0
6/3/19,19.41,19.75,18.16,18.860001,18.860001,0
6/4/19,18.74,18.74,16.969999,16.969999,16.969999,0
6/5/19,17.059999,17.49,16.040001,16.09,16.09,0
6/6/19,16.25,16.540001,15.36,15.93,15.93,0
6/7/19,15.65,16.440001,15.33,16.299999,16.299999,0
6/10/19,16.299999,16.469999,15.84,15.94,15.94,0
6/11/19,15.84,16.700001,15.5,15.99,15.99,0
6/12/19,16.26,16.43,15.78,15.91,15.91,0
6/13/19,16.16,16.209999,15.61,15.82,15.82,0
6/14/19,16,16.4,15.21,15.28,15.28,0
6/17/19,15.65,15.76,15.24,15.35,15.35,0
6/18/19,14.89,15.54,14.62,15.15,15.15,0
6/19/19,15.05,15.71,14.15,14.33,14.33,0
6/20/19,14.04,16.030001,13.19,14.75,14.75,0
6/21/19,14.74,15.48,14.42,15.4,15.4,0
6/24/19,15.46,15.56,15.23,15.26,15.26,0
6/25/19,15.43,16.68,15.1,16.280001,16.280001,0
6/26/19,16.1,16.6,15.47,16.209999,16.209999,0
6/27/19,15.66,16.4,15.66,15.82,15.82,0
6/28/19,15.7,16.129999,15.08,15.08,15.08,0
7/1/19,13.85,14.64,13.8,14.06,14.06,0
7/2/19,14.16,14.3,12.9,12.93,12.93,0
7/3/19,13.18,13.19,12.56,12.57,12.57,0
7/4/19,null,null,null,null,null,null
7/5/19,13,14.47,12.04,13.28,13.28,0
7/8/19,13.73,14.44,13.64,13.96,13.96,0
7/9/19,14.47,14.71,13.99,14.09,14.09,0
7/10/19,14.38,14.69,12.98,13.03,13.03,0
7/11/19,13.01,13.33,12.39,12.93,12.93,0
7/12/19,12.76,12.82,12.28,12.39,12.39,0
7/15/19,12.58,13.02,12.49,12.68,12.68,0
7/16/19,12.61,13.14,12.28,12.86,12.86,0
7/17/19,12.62,13.97,12.24,13.97,13.97,0
7/18/19,14.45,14.5,13.19,13.53,13.53,0
7/19/19,13.31,14.45,13.09,14.45,14.45,0
7/22/19,14.55,14.7,13.42,13.53,13.53,0
7/23/19,13.42,13.52,12.55,12.61,12.61,0
7/24/19,12.8,13.1,11.98,12.07,12.07,0
7/25/19,12.24,13.54,11.69,12.74,12.74,0
7/26/19,12.58,12.72,12.01,12.16,12.16,0
7/29/19,12.15,13.17,12.15,12.83,12.83,0
7/30/19,12.87,14.18,12.87,13.94,13.94,0
7/31/19,13.83,16.549999,13.46,16.120001,16.120001,0
8/1/19,15.41,19.459999,13.73,17.870001,17.870001,0
8/2/19,17.690001,20.110001,17.040001,17.610001,17.610001,0
8/5/19,19.959999,24.809999,19.91,24.59,24.59,0
8/6/19,22.290001,22.870001,19.77,20.17,20.17,0
8/7/19,20.700001,23.67,18.940001,19.49,19.49,0
8/8/19,19.360001,19.889999,16.82,16.91,16.91,0
8/9/19,18.139999,19.440001,17.309999,17.969999,17.969999,0
8/12/19,17.870001,21.26,17.77,21.09,21.09,0
8/13/19,21.280001,21.639999,17.52,17.52,17.52,0
8/14/19,17.809999,22.709999,17.75,22.1,22.1,0
8/15/19,21.58,24.1,20.780001,21.18,21.18,0
8/16/19,20.48,20.5,18.41,18.469999,18.469999,0
8/19/19,17.93,18.219999,16.52,16.879999,16.879999,0
8/20/19,16.780001,17.700001,16.450001,17.5,17.5,0
8/21/19,17.01,17.040001,15.51,15.8,15.8,0
8/22/19,16.120001,17.68,15.63,16.68,16.68,0
8/23/19,16.15,21.07,16.040001,19.870001,19.870001,0
8/26/19,20.34,21.33,19.059999,19.32,19.32,0
8/27/19,20.18,21.040001,18.49,20.309999,20.309999,0
8/28/19,20.549999,21.639999,19.1,19.35,19.35,0
8/29/19,19.02,19.200001,17.6,17.879999,17.879999,0
8/30/19,17.940001,19.18,17.09,18.98,18.98,0
9/2/19,null,null,null,null,null,null
9/3/19,20.959999,21.15,19.41,19.66,19.66,0
9/4/19,18.23,18.83,17.26,17.33,17.33,0
9/5/19,16.92,17.049999,15.45,16.27,16.27,0
9/6/19,15.92,16.059999,14.91,15,15,0
9/9/19,15.26,16.129999,14.95,15.27,15.27,0
9/10/19,15.53,16.52,15.11,15.2,15.2,0
9/11/19,15.33,15.52,14.55,14.61,14.61,0
9/12/19,14.69,14.94,13.85,14.22,14.22,0
9/13/19,14.16,14.31,13.51,13.74,13.74,0
9/16/19,14.89,15.29,14.5,14.67,14.67,0
9/17/19,14.92,15.03,14.4,14.44,14.44,0
9/18/19,14.61,15.8,13.8,13.95,13.95,0
9/19/19,14.66,14.66,13.31,14.05,14.05,0
9/20/19,13.94,15.84,13.35,15.32,15.32,0
9/23/19,15.35,16,14.71,14.91,14.91,0
9/24/19,14.77,17.620001,14.33,17.049999,17.049999,0
9/25/19,17.049999,18.450001,15.69,15.96,15.96,0
9/26/19,16.23,17.09,15.35,16.07,16.07,0
9/27/19,15.77,18.690001,15.15,17.219999,17.219999,0
9/30/19,17.23,17.35,16.200001,16.24,16.24,0
10/1/19,16.02,18.620001,15.79,18.559999,18.559999,0
10/2/19,18.75,21.459999,18.75,20.559999,20.559999,0
10/3/19,20.110001,21.440001,19.030001,19.120001,19.120001,0
10/4/19,19.42,19.969999,16.969999,17.040001,17.040001,0
10/7/19,18.27,18.52,16.440001,17.860001,17.860001,0
10/8/19,17.610001,20.379999,17.42,20.280001,20.280001,0
10/9/19,19.940001,20,17.77,18.639999,18.639999,0
10/10/19,19.280001,19.799999,17.559999,17.57,17.57,0
10/11/19,17.35,17.440001,15.11,15.58,15.58,0
10/14/19,15.66,16.5,14.51,14.57,14.57,0
10/15/19,13.94,14.43,13.39,13.54,13.54,0
10/16/19,13.94,14.26,13.6,13.68,13.68,0
10/17/19,13.79,14.18,13.31,13.79,13.79,0
10/18/19,14.2,15.16,13.78,14.25,14.25,0
10/21/19,14.24,14.63,14,14,14,0
10/22/19,13.99,14.61,13.7,14.46,14.46,0
10/23/19,14.83,15.12,14.01,14.01,14.01,0
10/24/19,13.98,14.34,13.4,13.71,13.71,0
10/25/19,13.53,13.79,12.62,12.65,12.65,0
10/28/19,13.01,13.14,12.66,13.11,13.11,0
10/29/19,13.16,13.52,13.07,13.2,13.2,0
10/30/19,13.08,13.37,12.27,12.33,12.33,0
10/31/19,13.51,13.95,13.18,13.22,13.22,0
11/1/19,12.5,12.6,12.26,12.3,12.3,0
11/4/19,12.68,13.13,12.44,12.83,12.83,0
11/5/19,12.85,13.28,12.25,13.1,13.1,0
11/6/19,13.18,13.39,12.6,12.62,12.62,0
11/7/19,12.59,12.89,12.26,12.73,12.73,0
11/8/19,12.98,13.05,12,12.07,12.07,0
11/11/19,13.15,13.49,12.66,12.69,12.69,0
11/12/19,12.64,13.1,12.36,12.68,12.68,0
11/13/19,12.91,13.9,12.88,13,13,0
11/14/19,13.16,13.81,12.93,13.05,13.05,0
11/15/19,12.95,12.97,11.92,12.05,12.05,0
11/18/19,12.39,13.1,12.32,12.46,12.46,0
11/19/19,12.33,13.01,12.16,12.86,12.86,0
11/20/19,13.42,14.17,12.61,12.78,12.78,0
11/21/19,13.35,13.86,12.49,13.13,13.13,0
11/22/19,12.82,13.25,12.33,12.34,12.34,0
11/25/19,12.51,12.59,11.73,11.87,11.87,0
11/26/19,11.88,12.04,11.42,11.54,11.54,0
11/27/19,11.55,11.79,11.44,11.75,11.75,0
11/28/19,null,null,null,null,null,null
11/29/19,12.5,12.83,12.12,12.62,12.62,0
12/2/19,12.69,15.27,12.55,14.91,14.91,0
12/3/19,14.68,17.99,14.61,15.96,15.96,0
12/4/19,16.379999,16.4,14.12,14.8,14.8,0
12/5/19,14.46,15.37,14.17,14.52,14.52,0
12/6/19,14.37,14.47,13.19,13.62,13.62,0
12/9/19,14.25,16.07,12.25,15.86,15.86,0
12/10/19,15.8,16.9,14.93,15.68,15.68,0
12/11/19,15.57,15.97,14.98,14.99,14.99,0
12/12/19,14.94,15.55,13.6,13.94,13.94,0
12/13/19,13.18,14.35,12.54,12.63,12.63,0
12/16/19,12.47,12.53,11.71,12.14,12.14,0
12/17/19,12.23,12.47,11.9,12.29,12.29,0
12/18/19,12.24,12.7,11.93,12.58,12.58,0
12/19/19,12.55,12.78,12.43,12.5,12.5,0
12/20/19,12.55,12.61,12.04,12.51,12.51,0
12/23/19,12.81,12.9,12.41,12.61,12.61,0
12/24/19,12.65,12.84,12.56,12.67,12.67,0
12/25/19,null,null,null,null,null,null
12/26/19,12.74,12.75,11.72,12.65,12.65,0
12/27/19,12.61,13.72,11.89,13.43,13.43,0
12/30/19,13.74,15.14,13.44,14.82,14.82,0
12/31/19,14.84,15.39,13.75,13.78,13.78,0
1/1/20,null,null,null,null,null,null
1/2/20,13.46,13.72,12.42,12.47,12.47,0
1/3/20,15.01,16.200001,13.13,14.02,14.02,0
1/6/20,15.45,16.389999,13.54,13.85,13.85,0
1/7/20,13.84,14.46,13.39,13.79,13.79,0
1/8/20,15.16,15.24,12.83,13.45,13.45,0
1/9/20,12.95,13.24,12.53,12.54,12.54,0
1/10/20,12.42,12.87,12.09,12.56,12.56,0
1/13/20,12.84,13.09,12.32,12.32,12.32,0
1/14/20,12.72,13.82,12.05,12.39,12.39,0
1/15/20,12.79,12.83,11.95,12.42,12.42,0
1/16/20,12.2,12.42,11.78,12.32,12.32,0
1/17/20,12.21,12.48,11.75,12.1,12.1,0
1/20/20,null,null,null,null,null,null
1/21/20,13.23,13.33,12.32,12.85,12.85,0
1/22/20,12.45,13.01,12.31,12.91,12.91,0
1/23/20,13.26,14.15,12.94,12.98,12.98,0
1/24/20,12.75,15.98,12.62,14.56,14.56,0
1/27/20,17.42,19.02,16.82,18.23,18.23,0
1/28/20,16.940001,18.030001,15.69,16.280001,16.280001,0
1/29/20,15.68,16.65,14.94,16.389999,16.389999,0
1/30/20,17.82,18.389999,15.3,15.49,15.49,0
1/31/20,16.25,19.99,16.18,18.84,18.84,0
2/3/20,18.639999,18.879999,17.1,17.969999,17.969999,0
2/4/20,16.450001,16.459999,15.63,16.049999,16.049999,0
2/5/20,16.290001,16.32,15.02,15.15,15.15,0
2/6/20,15.13,15.66,14.7,14.96,14.96,0
2/7/20,15.07,16.16,14.81,15.47,15.47,0
2/10/20,15.88,16.43,15.01,15.04,15.04,0
2/11/20,14.91,15.27,14.38,15.18,15.18,0
2/12/20,14.86,14.88,13.73,13.74,13.74,0
2/13/20,14.43,15.44,14,14.15,14.15,0
2/14/20,14.12,14.54,13.38,13.68,13.68,0
2/17/20,null,null,null,null,null,null
2/18/20,14.98,15.49,14.53,14.83,14.83,0
2/19/20,14.66,14.74,14.21,14.38,14.38,0
2/20/20,14.54,17.209999,14.49,15.56,15.56,0
2/21/20,17.33,18.209999,16.190001,17.08,17.08,0
2/24/20,22.25,26.35,22,25.030001,25.030001,0
2/25/20,23.280001,30.25,22.620001,27.85,27.85,0
2/26/20,26.629999,29.57,24.76,27.559999,27.559999,0
2/27/20,32.139999,39.310001,29.370001,39.16,39.16,0
2/28/20,42.02,49.48,39.369999,40.110001,40.110001,0
3/2/20,38.540001,40.41,31.5,33.419998,33.419998,0
3/3/20,33.650002,41.060001,24.93,36.82,36.82,0
3/4/20,34.439999,35.580002,30.299999,31.99,31.99,0
3/5/20,33.610001,42.84,33.540001,39.619999,39.619999,0
3/6/20,48.93,54.389999,40.84,41.939999,41.939999,0
3/9/20,41.939999,62.119999,41.939999,54.459999,54.459999,0
3/10/20,49.68,55.66,43.560001,47.299999,47.299999,0
3/11/20,52.240002,55.82,49.98,53.900002,53.900002,0
3/12/20,61.459999,76.830002,59.91,75.470001,75.470001,0
3/13/20,71.309998,77.57,55.169998,57.830002,57.830002,0
3/16/20,57.830002,83.559998,57.830002,82.690002,82.690002,0
3/17/20,82.690002,84.830002,70.370003,75.910004,75.910004,0
3/18/20,69.370003,85.470001,69.370003,76.449997,76.449997,0
3/19/20,80.620003,84.260002,68.57,72,72,0
3/20/20,67.860001,69.510002,57.419998,66.040001,66.040001,0
3/23/20,74.080002,76.739998,60.459999,61.59,61.59,0
3/24/20,58.759998,61.880001,36.240002,61.669998,61.669998,0
3/25/20,61.439999,68.860001,58.029999,63.950001,63.950001,0
3/26/20,65.669998,67.059998,57.66,61,61,0
3/27/20,64.949997,69.099998,61.799999,65.540001,65.540001,0
3/30/20,66.300003,67.690002,56.599998,57.080002,57.080002,0
3/31/20,56.689999,58.75,50.880001,53.540001,53.540001,0
4/1/20,57.380001,60.59,52.759998,57.060001,57.060001,0
4/2/20,54.459999,57.240002,50.450001,50.91,50.91,0
4/3/20,51.110001,52.290001,46.740002,46.799999,46.799999,0
4/6/20,44.169998,45.73,43.450001,45.240002,45.240002,0
4/7/20,44.830002,47.509998,43.509998,46.700001,46.700001,0
4/8/20,45.900002,47.279999,42.529999,43.349998,43.349998,0
4/9/20,43,45.73,41.389999,41.669998,41.669998,0
4/10/20,null,null,null,null,null,null
4/13/20,44.599998,45.040001,41.169998,41.169998,41.169998,0
4/14/20,40.240002,40.57,37.310001,37.759998,37.759998,0
4/15/20,42.57,43.23,40.049999,40.84,40.84,0
4/16/20,41.919998,43.02,39.869999,40.110001,40.110001,0
4/17/20,39.5,40.259998,37.630001,38.150002,38.150002,0
4/20/20,40.68,43.830002,39.880001,43.830002,43.830002,0
4/21/20,44.279999,47.77,43.77,45.41,45.41,0
4/22/20,44.91,45.07,41.41,41.98,41.98,0
4/23/20,41.299999,42.470001,39.060001,41.380001,41.380001,0
4/24/20,38.799999,40.169998,35.599998,35.93,35.93,0
4/27/20,36.290001,36.439999,32.509998,33.290001,33.290001,0
4/28/20,33.209999,35.389999,30.540001,33.57,33.57,0
4/29/20,32.48,33.189999,30.709999,31.23,31.23,0
4/30/20,30.99,35.939999,30.93,34.150002,34.150002,0
5/1/20,38.169998,39.57,36.59,37.189999,37.189999,0
5/4/20,39.130001,40.32,35.529999,35.970001,35.970001,0
5/5/20,34.82,36.220001,31.950001,33.610001,33.610001,0
5/6/20,32.689999,35.689999,31.68,34.119999,34.119999,0
5/7/20,32.119999,32.279999,30.370001,31.440001,31.440001,0
5/8/20,30.139999,30.389999,27.889999,27.98,27.98,0
5/11/20,28.459999,31.459999,26.969999,27.57,27.57,0
5/12/20,28.469999,33.040001,26,33.040001,33.040001,0
5/13/20,32.740002,37.419998,30.77,35.279999,35.279999,0
5/14/20,35.16,39.279999,32.330002,32.610001,32.610001,0
5/15/20,32.5,35.130001,31.040001,31.889999,31.889999,0
5/18/20,30.709999,31.08,28.35,29.299999,29.299999,0
5/19/20,28.73,30.74,28.370001,30.530001,30.530001,0
5/20/20,29.52,29.83,27.83,27.99,27.99,0
5/21/20,28.969999,30.200001,27.67,29.530001,29.530001,0
5/22/20,31.360001,31.549999,28.030001,28.16,28.16,0
5/25/20,null,null,null,null,null,null
5/26/20,27.719999,28.58,27.18,28.01,28.01,0
5/27/20,27.620001,30.530001,25.92,27.620001,27.620001,0
5/28/20,27.82,29.889999,27.43,28.59,28.59,0
5/29/20,29.299999,30.16,27.290001,27.51,27.51,0
6/1/20,28.940001,30.6,28.110001,28.23,28.23,0
6/2/20,28.4,28.52,26.66,26.84,26.84,0
6/3/20,26.75,26.98,25.040001,25.66,25.66,0
6/4/20,26.23,26.43,24.379999,25.809999,25.809999,0
6/5/20,24.790001,25.09,23.540001,24.52,24.52,0
6/8/20,25.559999,25.98,24.65,25.809999,25.809999,0
6/9/20,25.93,27.700001,25.709999,27.57,27.57,0
6/10/20,26.73,29.01,26.059999,27.57,27.57,0
6/11/20,30.450001,42.580002,29.49,40.790001,40.790001,0
6/12/20,37.68,44.16,34.970001,36.09,36.09,0
6/15/20,44.09,44.439999,34.279999,34.400002,34.400002,0
6/16/20,34.279999,37.450001,31.73,33.669998,33.669998,0
6/17/20,33.279999,35.169998,32.25,33.470001,33.470001,0
6/18/20,33.830002,36.25,32.240002,32.939999,32.939999,0
6/19/20,32.07,35.119999,30.4,35.119999,35.119999,0
6/22/20,35.220001,35.389999,31.639999,31.77,31.77,0
6/23/20,31.709999,31.709999,29.26,31.370001,31.370001,0
6/24/20,31.049999,37.119999,30.950001,33.84,33.84,0
6/25/20,36.59,36.93,31.59,32.220001,32.220001,0
6/26/20,33.009998,36.25,31.040001,34.73,34.73,0
6/29/20,35.049999,36.310001,31.780001,31.780001,31.780001,0
6/30/20,32.540001,32.939999,29.559999,30.43,30.43,0
7/1/20,30.959999,31.76,28.200001,28.620001,28.620001,0
7/2/20,28.33,28.440001,25.9,27.68,27.68,0
7/3/20,null,null,null,null,null,null
7/6/20,27.76,28.33,24.92,27.940001,27.940001,0
7/7/20,28.77,29.629999,27.25,29.43,29.43,0
7/8/20,28.950001,30.200001,27.24,28.08,28.08,0
7/9/20,28.18,31.48,26.110001,29.26,29.26,0
7/10/20,30.860001,30.91,27.129999,27.290001,27.290001,0
7/13/20,27.85,32.450001,26.870001,32.189999,32.189999,0
7/14/20,31.139999,33.669998,29.209999,29.52,29.52,0
7/15/20,29.15,30.09,27.17,27.76,27.76,0
7/16/20,28.41,29.290001,26.98,28,28,0
7/17/20,27.15,27.540001,25.41,25.68,25.68,0
7/20/20,26.940001,27.08,24.35,24.459999,24.459999,0
7/21/20,24.08,25.65,23.610001,24.84,24.84,0
7/22/20,24.559999,26.26,24.129999,24.32,24.32,0
7/23/20,23.969999,26.950001,23.6,26.08,26.08,0
7/24/20,27.959999,28.58,25.530001,25.84,25.84,0
7/27/20,26.6,26.940001,24.549999,24.74,24.74,0
7/28/20,24.860001,25.85,24.049999,25.440001,25.440001,0
7/29/20,25.16,25.42,23.73,24.1,24.1,0
7/30/20,25.040001,28.290001,24.639999,24.76,24.76,0
7/31/20,24.790001,26.41,23.549999,24.459999,24.459999,0
8/3/20,25.75,26.01,22.17,24.280001,24.280001,0
8/4/20,24.01,24.76,22.92,23.76,23.76,0
8/5/20,23.440001,23.610001,22.860001,22.99,22.99,0
8/6/20,23.030001,24.110001,20.969999,22.65,22.65,0
8/7/20,23.450001,24.02,22.02,22.209999,22.209999,0
8/10/20,22.879999,23.52,21.459999,22.129999,22.129999,0
8/11/20,21.85,24.93,20.280001,24.030001,24.030001,0
8/12/20,22.82,22.879999,21.540001,22.280001,22.280001,0
8/13/20,22.200001,22.92,21.450001,22.129999,22.129999,0
8/14/20,22.27,23.549999,21.790001,22.049999,22.049999,0
8/17/20,22.52,22.82,21.34,21.35,21.35,0
8/18/20,21.690001,22.549999,21.18,21.51,21.51,0
8/19/20,21.6,22.98,20.99,22.540001,22.540001,0
8/20/20,24.1,24.6,22.370001,22.719999,22.719999,0
8/21/20,22.58,24.469999,22.059999,22.540001,22.540001,0
8/24/20,22.870001,23.18,21.25,22.370001,22.370001,0
8/25/20,22.16,23.43,21.530001,22.030001,22.030001,0
8/26/20,22.139999,23.27,20.92,23.27,23.27,0
8/27/20,23.42,27.09,21.440001,24.469999,24.469999,0
8/28/20,24.59,26.299999,22.639999,22.959999,22.959999,0
8/31/20,23.91,26.5,21.77,26.41,26.41,0
9/1/20,25.860001,26.59,25.02,26.120001,26.120001,0
9/2/20,26.01,27.07,25.530001,26.57,26.57,0
9/3/20,26.280001,35.939999,25.66,33.599998,33.599998,0
9/4/20,34.619999,38.279999,29.5,30.75,30.75,0
9/7/20,null,null,null,null,null,null
9/8/20,30.610001,35.93,30.52,31.459999,31.459999,0
9/9/20,31.68,31.780001,28.120001,28.809999,28.809999,0
9/10/20,28.67,30.559999,27.59,29.709999,29.709999,0
9/11/20,28.629999,29.73,26.51,26.870001,26.870001,0
9/14/20,25.860001,26.790001,25.379999,25.85,25.85,0
9/15/20,25.92,26,24.92,25.59,25.59,0
9/16/20,25.309999,26.59,24.84,26.040001,26.040001,0
9/17/20,28.219999,28.92,26.26,26.459999,26.459999,0
9/18/20,26.65,28.1,25.280001,25.83,25.83,0
9/21/20,28.040001,31.18,27.389999,27.780001,27.780001,0
9/22/20,28.610001,28.780001,26.48,26.860001,26.860001,0
9/23/20,27.02,29.73,25.190001,28.58,28.58,0
9/24/20,29.540001,30.49,27.940001,28.51,28.51,0
9/25/20,28.17,30.43,26.02,26.379999,26.379999,0
9/28/20,27.15,27.190001,24.9,26.190001,26.190001,0
9/29/20,26.809999,27.43,25.98,26.27,26.27,0
9/30/20,26.690001,27.120001,25.059999,26.370001,26.370001,0
10/1/20,25.780001,27.110001,25.33,26.700001,26.700001,0
10/2/20,28.870001,29.9,26.93,27.629999,27.629999,0
10/5/20,29.52,29.690001,27.27,27.959999,27.959999,0
10/6/20,28.049999,30,26.01,29.48,29.48,0
10/7/20,29.26,29.76,27.940001,28.059999,28.059999,0
10/8/20,27.65,27.99,24.879999,26.360001,26.360001,0
10/9/20,26.200001,26.219999,24.030001,25,25,0
10/12/20,25.65,25.65,24.139999,25.07,25.07,0
10/13/20,25.67,26.93,25.16,26.07,26.07,0
10/14/20,25.719999,27.23,25.530001,26.4,26.4,0
10/15/20,27.1,29.059999,26.82,26.969999,26.969999,0
10/16/20,27.16,27.459999,26.190001,27.41,27.41,0
10/19/20,27.360001,29.690001,27.040001,29.18,29.18,0
10/20/20,28.809999,29.6,28.290001,29.35,29.35,0
10/21/20,29.120001,30.549999,28.370001,28.65,28.65,0
10/22/20,30.1,30.120001,27.68,28.110001,28.110001,0
10/23/20,28.469999,28.67,27.26,27.549999,27.549999,0
10/26/20,29.379999,33.68,29.219999,32.459999,32.459999,0
10/27/20,32.040001,33.77,31.85,33.349998,33.349998,0
10/28/20,34.689999,40.77,34.68,40.279999,40.279999,0
10/29/20,38.799999,41.16,35.630001,37.59,37.59,0
10/30/20,40.810001,41.09,36.5,38.02,38.02,0
11/2/20,38.57,38.779999,36.130001,37.130001,37.130001,0
11/3/20,36.439999,36.439999,34.189999,35.549999,35.549999,0
11/4/20,36.790001,36.849998,28.030001,29.57,29.57,0
11/5/20,27.559999,28.139999,26.040001,27.58,27.58,0
11/6/20,27.870001,29.440001,24.559999,24.860001,24.860001,0
11/9/20,24.799999,25.82,22.41,25.75,25.75,0
11/10/20,25.360001,26.77,24.35,24.799999,24.799999,0
11/11/20,25.01,25.120001,22.57,23.450001,23.450001,0
11/12/20,24.389999,27.27,23.530001,25.35,25.35,0
11/13/20,24.940001,25.030001,22.74,23.1,23.1,0
11/16/20,23.66,24.08,22.43,22.450001,22.450001,0
11/17/20,22.84,24.09,22.34,22.709999,22.709999,0
11/18/20,22.860001,23.92,21.66,23.84,23.84,0
11/19/20,23.620001,24.52,22.559999,23.110001,23.110001,0
11/20/20,23.43,23.73,22.129999,23.700001,23.700001,0
11/23/20,23.66,23.959999,22.450001,22.66,22.66,0
11/24/20,22.040001,22.48,20.799999,21.639999,21.639999,0
11/25/20,21.65,22.5,21.129999,21.25,21.25,0
11/26/20,null,null,null,null,null,null
11/27/20,21.52,21.6,19.51,20.84,20.84,0
11/30/20,22.639999,22.889999,20.48,20.57,20.57,0
12/1/20,20.209999,20.92,20,20.77,20.77,0
12/2/20,21,21.25,20.040001,21.17,21.17,0
12/3/20,21.24,21.879999,20.719999,21.280001,21.280001,0
12/4/20,21.049999,21.15,19.969999,20.790001,20.790001,0
12/7/20,22.040001,22.620001,21.17,21.299999,21.299999,0
12/8/20,21.65,22.25,20.52,20.68,20.68,0
12/9/20,20.66,22.93,20.1,22.27,22.27,0
12/10/20,22.120001,23.459999,21.530001,22.52,22.52,0
12/11/20,22.49,25.139999,22.48,23.309999,23.309999,0
12/14/20,22.67,24.82,21.950001,24.719999,24.719999,0
12/15/20,24,24.07,22.73,22.889999,22.889999,0
12/16/20,22.51,23.67,22.290001,22.5,22.5,0
12/17/20,21.98,22.27,21.52,21.93,21.93,0
12/18/20,22.15,23.77,21.57,21.57,21.57,0
12/21/20,24.25,31.459999,24.23,25.16,25.16,0
12/22/20,25.24,25.559999,23.530001,24.23,24.23,0
12/23/20,23.49,23.68,22.129999,23.309999,23.309999,0
12/24/20,22.469999,22.83,21.389999,21.530001,21.530001,0
12/25/20,null,null,null,null,null,null
12/28/20,22.110001,22.120001,21.15,21.700001,21.700001,0
12/29/20,21.610001,23.719999,20.99,23.08,23.08,0
12/30/20,22.58,23.15,22.41,22.77,22.77,0
12/31/20,22.99,23.25,21.24,22.75,22.75,0
1/1/21,null,null,null,null,null,null
1/4/21,23.040001,29.190001,22.559999,26.969999,26.969999,0
1/5/21,26.940001,28.6,24.799999,25.34,25.34,0
1/6/21,25.48,26.77,22.139999,25.07,25.07,0
1/7/21,23.67,23.91,22.25,22.370001,22.370001,0
1/8/21,22.43,23.34,21.42,21.559999,21.559999,0
1/11/21,23.309999,24.809999,23.23,24.08,24.08,0
1/12/21,23.49,25.15,22.83,23.33,23.33,0
1/13/21,23.07,24.18,21.92,22.209999,22.209999,0
1/14/21,22.219999,23.469999,21.66,23.25,23.25,0
1/15/21,23.52,25.799999,23.08,24.34,24.34,0
1/18/21,null,null,null,null,null,null
1/19/21,23.030001,23.559999,22.530001,23.24,23.24,0
1/20/21,22.82,22.860001,21.370001,21.58,21.58,0
1/21/21,21.34,22.219999,21.09,21.32,21.32,0
1/22/21,22.24,23.73,21.27,21.91,21.91,0
1/25/21,22.309999,26.629999,22.200001,23.190001,23.190001,0
1/26/21,23.91,23.940001,22.549999,23.02,23.02,0
1/27/21,23.82,37.209999,23.709999,37.209999,37.209999,0
1/28/21,33.25,36.290001,27.389999,30.209999,30.209999,0
1/29/21,35.16,37.509998,29.24,33.09,33.09,0
2/1/21,31.450001,33.959999,29.030001,30.24,30.24,0
2/2/21,28.01,28.08,25.309999,25.559999,25.559999,0
2/3/21,24.59,25.43,22.91,22.91,22.91,0
2/4/21,23.440001,23.440001,21.68,21.77,21.77,0
2/5/21,21.99,22.16,20.860001,20.870001,20.870001,0
2/8/21,21.889999,22.07,21.23,21.24,21.24,0
2/9/21,21.57,22.26,20.65,21.629999,21.629999,0
2/10/21,21.639999,23.85,19.690001,21.99,21.99,0
2/11/21,22.09,23.25,21.110001,21.25,21.25,0
2/12/21,21.6,22.450001,19.950001,19.969999,19.969999,0
2/15/21,null,null,null,null,null,null
2/16/21,21.129999,22.459999,20.879999,21.459999,21.459999,0
2/17/21,22.02,23.440001,21.09,21.5,21.5,0
2/18/21,21.98,24.23,21.799999,22.49,22.49,0
2/19/21,23.1,23.190001,20.84,22.049999,22.049999,0
2/22/21,24.459999,25.09,21.959999,23.450001,23.450001,0
2/23/21,22.82,27.01,22.5,23.110001,23.110001,0
2/24/21,23.76,25.040001,21.309999,21.34,21.34,0
2/25/21,21.73,31.16,21.52,28.889999,28.889999,0
2/26/21,28.73,30.82,25.23,27.950001,27.950001,0
3/1/21,25.200001,25.389999,23.17,23.35,23.35,0
3/2/21,23.58,24.6,22.799999,24.1,24.1,0
3/3/21,22.799999,26.790001,22.450001,26.67,26.67,0
3/4/21,26.52,31.9,24.93,28.57,28.57,0
3/5/21,29.48,30.030001,24.33,24.66,24.66,0
3/8/21,27.610001,28.389999,24.07,25.469999,25.469999,0
3/9/21,25.110001,25.25,22.9,24.030001,24.030001,0
3/10/21,23.76,23.870001,22.379999,22.559999,22.559999,0
3/11/21,22.5,22.5,21.450001,21.91,21.91,0
3/12/21,22.57,22.99,20.629999,20.690001,20.690001,0
3/15/21,21.84,21.860001,19.870001,20.030001,20.030001,0
3/16/21,20.139999,20.309999,19.33,19.790001,19.790001,0
3/17/21,20.1,20.950001,19.18,19.23,19.23,0
3/18/21,18.950001,22.6,18.950001,21.58,21.58,0
3/19/21,21.43,23.17,19.9,20.950001,20.950001,0
3/22/21,21.91,22.290001,18.870001,18.879999,18.879999,0
3/23/21,19.459999,21.58,18.799999,20.299999,20.299999,0
3/24/21,20.639999,21.49,19.299999,21.200001,21.200001,0
3/25/21,20.799999,23.549999,19.809999,19.809999,19.809999,0
3/26/21,19.32,21.49,18.68,18.860001,18.860001,0
3/29/21,20.4,21.6,19.42,20.74,20.74,0
3/30/21,20.76,21.75,19.469999,19.610001,19.610001,0
3/31/21,19.799999,20.110001,18.85,19.4,19.4,0
4/1/21,18.6,18.639999,17.290001,17.33,17.33,0
4/2/21,null,null,null,null,null,null
4/5/21,18.16,18.4,17.35,17.91,17.91,0
4/6/21,18.07,18.299999,17.370001,18.120001,18.120001,0
4/7/21,17.99,18.17,16.870001,17.16,17.16,0
4/8/21,16.92,17.360001,16.549999,16.950001,16.950001,0
4/9/21,17.049999,17.34,16.200001,16.690001,16.690001,0
4/12/21,17.43,17.91,16.809999,16.91,16.91,0
4/13/21,16.99,17.860001,16.43,16.65,16.65,0
4/14/21,16.709999,17.690001,15.38,16.99,16.99,0
4/15/21,16.780001,16.92,15.94,16.57,16.57,0
4/16/21,16.65,16.879999,16.049999,16.25,16.25,0
4/19/21,17.040001,18.610001,16.780001,17.290001,17.290001,0
4/20/21,17.360001,19.700001,17.24,18.68,18.68,0
4/21/21,18.48,19.290001,16.91,17.5,17.5,0
4/22/21,17.280001,19.9,16.99,18.709999,18.709999,0
4/23/21,18.559999,18.780001,16.799999,17.33,17.33,0
4/26/21,17.940001,18.17,16.870001,17.639999,17.639999,0
4/27/21,17.620001,18.16,16.969999,17.559999,17.559999,0
4/28/21,17.469999,17.84,16.67,17.280001,17.280001,0
4/29/21,16.879999,18.870001,16.77,17.610001,17.610001,0
4/30/21,17.67,19.25,17.639999,18.610001,18.610001,0
5/3/21,18.65,19.120001,17.799999,18.309999,18.309999,0
5/4/21,18.16,21.85,18.110001,19.48,19.48,0
5/5/21,18.84,19.58,17.889999,19.15,19.15,0
5/6/21,18.41,20.6,18.209999,18.389999,18.389999,0
5/7/21,18.450001,18.57,16.68,16.690001,16.690001,0
5/10/21,17.34,19.75,17.07,19.66,19.66,0
5/11/21,21.17,23.73,20.709999,21.84,21.84,0
5/12/21,22.42,28.379999,21.66,27.59,27.59,0
5/13/21,26.030001,28.93,22.23,23.129999,23.129999,0
5/14/21,21.77,22.1,18.66,18.809999,18.809999,0
5/17/21,19.889999,21.58,19.67,19.719999,19.719999,0
5/18/21,18.889999,21.450001,18.809999,21.34,21.34,0
5/19/21,22.459999,25.959999,21.879999,22.18,22.18,0
5/20/21,22.33,23.5,20.190001,20.67,20.67,0
5/21/21,20.42,20.889999,19.530001,20.15,20.15,0
5/24/21,20.5,20.51,18.379999,18.4,18.4,0
5/25/21,18.35,19.290001,16.870001,18.84,18.84,0
5/26/21,18.370001,18.92,17.35,17.360001,17.360001,0
5/27/21,18.030001,18.17,16.52,16.74,16.74,0
5/28/21,16.799999,16.860001,15.9,16.76,16.76,0
5/31/21,null,null,null,null,null,null
6/1/21,17.24,18.530001,15.68,17.9,17.9,0
6/2/21,17.860001,18.309999,16.74,17.48,17.48,0
6/3/21,17.73,19.27,17.450001,18.040001,18.040001,0
6/4/21,18.09,18.42,16.18,16.42,16.42,0
6/7/21,17.34,17.35,15.78,16.42,16.42,0
6/8/21,16.58,17.75,15.15,17.07,17.07,0
6/9/21,17.18,17.959999,15.55,17.889999,17.889999,0
6/10/21,18.18,18.290001,16.01,16.1,16.1,0
6/11/21,16.18,16.200001,15.15,15.65,15.65,0
6/14/21,16.040001,17.040001,15.04,16.389999,16.389999,0
6/15/21,16.27,17.35,16.139999,17.02,17.02,0
6/16/21,16.99,19.110001,16.42,18.15,18.15,0
6/17/21,18.49,19.219999,16.709999,17.75,17.75,0
6/18/21,16.959999,21.040001,16.92,20.700001,20.700001,0
6/21/21,21.74,21.82,17.809999,17.889999,17.889999,0
6/22/21,17.91,18.32,15.76,16.66,16.66,0
6/23/21,16.25,16.84,14.86,16.32,16.32,0
6/24/21,15.99,16.049999,14.19,15.97,15.97,0
6/25/21,16.040001,16.17,15.21,15.62,15.62,0
6/28/21,16.07,16.459999,15.39,15.76,15.76,0
6/29/21,15.69,16.309999,14.1,16.02,16.02,0
6/30/21,16.18,17.309999,15.58,15.83,15.83,0
7/1/21,15.62,16.01,15.31,15.48,15.48,0
7/2/21,15.53,15.54,14.25,15.07,15.07,0
7/5/21,null,null,null,null,null,null
7/6/21,15.77,17.940001,15.73,16.440001,16.440001,0
7/7/21,16.43,17.639999,16.08,16.200001,16.200001,0
7/8/21,17.74,21.290001,17.74,19,19,0
7/9/21,17.879999,18.129999,16.08,16.18,16.18,0
7/12/21,16.85,17.52,16.139999,16.17,16.17,0
7/13/21,16.389999,17.23,15.94,17.120001,17.120001,0
7/14/21,17.34,17.51,15.95,16.33,16.33,0
7/15/21,16.700001,18.09,16.559999,17.01,17.01,0
7/16/21,16.799999,18.700001,16.030001,18.450001,18.450001,0
7/19/21,19.610001,25.09,19.27,22.5,22.5,0
7/20/21,20.889999,22.969999,19.370001,19.73,19.73,0
7/21/21,19.73,19.82,17.809999,17.91,17.91,0
7/22/21,17.59,18.450001,17.4,17.690001,17.690001,0
7/23/21,16.98,17.48,16.33,17.200001,17.200001,0
7/26/21,18.67,19.389999,17.530001,17.58,17.58,0
7/27/21,18.620001,20.440001,18.25,19.360001,19.360001,0
7/28/21,19.41,19.620001,17.52,18.309999,18.309999,0
7/29/21,17.91,18.01,17.190001,17.700001,17.700001,0
7/30/21,19.690001,19.719999,17.530001,18.24,18.24,0
8/2/21,18.16,19.870001,17.99,19.459999,19.459999,0
8/3/21,19.17,20.440001,17.700001,18.040001,18.040001,0
8/4/21,18.23,18.9,17.67,17.969999,17.969999,0
8/5/21,17.73,17.84,17.23,17.280001,17.280001,0
8/6/21,17.459999,17.5,16.139999,16.15,16.15,0
8/9/21,17.120001,17.389999,16.59,16.719999,16.719999,0
8/10/21,16.82,17.049999,16.34,16.790001,16.790001,0
8/11/21,16.809999,17.09,16.07,16.17,16.17,0
8/12/21,16.33,16.42,15.49,15.59,15.59,0
8/13/21,15.68,15.72,15.19,15.45,15.45,0
8/16/21,17.049999,17.709999,16.02,16.120001,16.120001,0
8/17/21,17.309999,19.559999,16.709999,17.91,17.91,0
8/18/21,17.559999,21.639999,17.309999,21.57,21.57,0
8/19/21,23.120001,24.74,20.370001,21.67,21.67,0
8/20/21,22.74,23.9,18.18,18.559999,18.559999,0
8/23/21,18.83,18.950001,16.950001,17.15,17.15,0
8/24/21,16.959999,17.51,16.940001,17.219999,17.219999,0
8/25/21,17.42,17.5,16.459999,16.790001,16.790001,0
8/26/21,17.459999,19.27,17.16,18.84,18.84,0
8/27/21,17.950001,18.219999,16.110001,16.389999,16.389999,0
8/30/21,16.77,16.799999,15.98,16.190001,16.190001,0
8/31/21,15.98,17.07,15.91,16.48,16.48,0
9/1/21,16.059999,16.709999,15.68,16.110001,16.110001,0
9/2/21,16.27,16.98,15.73,16.41,16.41,0
9/3/21,16.27,17.059999,16.08,16.41,16.41,0
9/6/21,null,null,null,null,null,null
9/7/21,16.940001,18.389999,16.889999,18.139999,18.139999,0
9/8/21,18.969999,19.639999,17.780001,17.959999,17.959999,0
9/9/21,19.440001,19.540001,17.17,18.799999,18.799999,0
9/10/21,17.940001,21.129999,16.99,20.950001,20.950001,0
9/13/21,19.639999,21.18,18.76,19.370001,19.370001,0
9/14/21,19.58,20.469999,18.389999,19.459999,19.459999,0
9/15/21,19.299999,20.27,18.01,18.18,18.18,0
9/16/21,18.41,19.76,17.65,18.690001,18.690001,0
9/17/21,18.370001,21.51,18.35,20.809999,20.809999,0
9/20/21,24.25,28.790001,23.9,25.709999,25.709999,0
9/21/21,23.41,25.6,21.709999,24.360001,24.360001,0
9/22/21,22.719999,23.4,20.75,20.870001,20.870001,0
9/23/21,19.91,20.209999,18.42,18.629999,18.629999,0
9/24/21,19.33,20.41,17.629999,17.75,17.75,0
9/27/21,17.780001,19.32,17.74,18.76,18.76,0
9/28/21,19.74,24.82,19.709999,23.25,23.25,0
9/29/21,22.07,23.790001,21.450001,22.559999,22.559999,0
9/30/21,21.48,24.709999,20.6,23.139999,23.139999,0
10/1/21,24.780001,24.889999,20.85,21.1,21.1,0
10/4/21,22.9,24.58,21.879999,22.959999,22.959999,0
10/5/21,22.92,23.17,20.620001,21.299999,21.299999,0
10/6/21,22.950001,24.4,20.99,21,21,0
10/7/21,20.540001,20.76,19.07,19.540001,19.540001,0
10/8/21,19.459999,19.940001,18.200001,18.77,18.77,0
10/11/21,19.93,20.450001,18.110001,20,20,0
10/12/21,20.620001,20.809999,18.969999,19.85,19.85,0
10/13/21,20.139999,20.23,18.440001,18.639999,18.639999,0
10/14/21,18.01,18.08,16.799999,16.860001,16.860001,0
10/15/21,16.639999,16.85,15.72,16.299999,16.299999,0
10/18/21,17.290001,17.93,16.27,16.309999,16.309999,0
10/19/21,16.09,16.309999,15.57,15.7,15.7,0
10/20/21,15.82,15.89,15.29,15.49,15.49,0
10/21/21,16.059999,16.110001,14.92,15.01,15.01,0
10/22/21,15.35,16.389999,14.84,15.43,15.43,0
10/25/21,16.139999,16.33,15.1,15.24,15.24,0
10/26/21,15.02,16.709999,14.9,15.98,15.98,0
10/27/21,15.79,17.290001,15.54,16.98,16.98,0
10/28/21,17.059999,17.16,16.23,16.530001,16.530001,0
10/29/21,17.4,18.059999,16.129999,16.26,16.26,0
11/1/21,16.85,17.700001,16.32,16.41,16.41,0
11/2/21,16.540001,16.65,15.89,16.030001,16.030001,0
11/3/21,16.110001,16.389999,14.9,15.1,15.1,0
11/4/21,15.06,16.139999,14.73,15.44,15.44,0
11/5/21,15.59,17.02,14.95,16.48,16.48,0
11/8/21,17.23,17.690001,16.440001,17.219999,17.219999,0
11/9/21,17.43,18.57,17.209999,17.780001,17.780001,0
11/10/21,17.74,19.9,17.219999,18.73,18.73,0
11/11/21,18.34,18.389999,17.27,17.66,17.66,0
11/12/21,17.49,17.690001,16.15,16.290001,16.290001,0
11/15/21,17.030001,17.459999,16.49,16.49,16.49,0
11/16/21,16.860001,17.08,16.030001,16.370001,16.370001,0
11/17/21,16.360001,17.190001,16.280001,17.110001,17.110001,0
11/18/21,16.809999,18.15,16.379999,17.59,17.59,0
11/19/21,17.360001,19.01,17.23,17.91,17.91,0
11/22/21,18.200001,19.59,17.35,19.17,19.17,0
11/23/21,20.24,20.91,19.030001,19.379999,19.379999,0
11/24/21,19.17,20.959999,18.52,18.58,18.58,0
11/25/21,null,null,null,null,null,null
11/26/21,26.620001,28.99,23.879999,28.620001,28.620001,0
11/29/21,25.309999,25.690001,21.709999,22.959999,22.959999,0
11/30/21,26.23,28.559999,23.709999,27.190001,27.190001,0
12/1/21,24.92,32.610001,22.379999,31.120001,31.120001,0
12/2/21,29.440001,30.68,27.15,27.950001,27.950001,0
12/3/21,26.950001,35.32,25.889999,30.67,30.67,0
12/6/21,28.99,30.82,26.75,27.18,27.18,0
12/7/21,24.58,24.690001,21.58,21.889999,21.889999,0
12/8/21,21.74,23.110001,19.85,19.9,19.9,0
12/9/21,20.309999,22.120001,19.940001,21.58,21.58,0
12/10/21,21.27,21.299999,18.690001,18.690001,18.690001,0
12/13/21,19.290001,21.18,18.959999,20.309999,20.309999,0
12/14/21,19.67,23,19.67,21.889999,21.889999,0
12/15/21,21.6,23.469999,19.02,19.290001,19.290001,0
12/16/21,18.559999,22.129999,18.190001,20.57,20.57,0
12/17/21,20.700001,23.26,20.49,21.57,21.57,0
12/20/21,25.889999,27.389999,22.85,22.870001,22.870001,0
12/21/21,22.280001,22.68,20.9,21.01,21.01,0
12/22/21,21.040001,21.360001,18.59,18.629999,18.629999,0
12/23/21,18.809999,18.93,17.620001,17.959999,17.959999,0
12/24/21,null,null,null,null,null,null
12/27/21,19.370001,19.41,17.549999,17.68,17.68,0
12/28/21,17.780001,18.469999,17.51,17.540001,17.540001,0
12/29/21,17.629999,18,16.709999,16.950001,16.950001,0
12/30/21,17.299999,17.790001,16.620001,17.33,17.33,0
12/31/21,17.629999,18.27,16.99,17.219999,17.219999,0
1/3/22,17.6,18.540001,16.559999,16.6,16.6,0
1/4/22,16.57,17.809999,16.34,16.91,16.91,0
1/5/22,17.07,20.17,16.58,19.73,19.73,0
1/6/22,20.290001,21.059999,19.08,19.610001,19.610001,0
1/7/22,19.85,20.799999,18.57,18.76,18.76,0
1/10/22,19.58,23.33,19.290001,19.4,19.4,0
1/11/22,19.620001,21,18.200001,18.41,18.41,0
1/12/22,18.17,18.690001,17.360001,17.620001,17.620001,0
1/13/22,18.059999,20.610001,17.450001,20.309999,20.309999,0
1/14/22,20.110001,22.07,19.049999,19.190001,19.190001,0
1/17/22,null,null,null,null,null,null
1/18/22,21.18,23.200001,21.18,22.790001,22.790001,0
1/19/22,23.120001,23.99,21.85,23.85,23.85,0
1/20/22,23.459999,25.889999,21.68,25.59,25.59,0
1/21/22,25.379999,29.790001,25.309999,28.85,28.85,0
1/24/22,28.200001,38.939999,28.02,29.9,29.9,0
1/25/22,32.290001,35.849998,29.129999,31.16,31.16,0
1/26/22,29.35,33.040001,26.9,31.959999,31.959999,0
1/27/22,32.189999,33,28.42,30.49,30.49,0
1/28/22,30.27,32.82,27.280001,27.66,27.66,0
1/31/22,28.360001,29.41,24.709999,24.83,24.83,0
2/1/22,24.57,25.33,21.959999,21.959999,21.959999,0
2/2/22,21.559999,22.73,20.459999,22.09,22.09,0
2/3/22,22.629999,25.809999,22.299999,24.35,24.35,0
2/4/22,23.77,26.26,22.07,23.219999,23.219999,0
2/7/22,24.09,24.82,22.02,22.860001,22.860001,0
2/8/22,23.09,23.48,21.32,21.440001,21.440001,0
2/9/22,21.27,21.299999,19.93,19.959999,19.959999,0
2/10/22,20.370001,24.77,20.18,23.91,23.91,0
2/11/22,24.389999,30.99,23.33,27.360001,27.360001,0
2/14/22,29.17,32.040001,28.33,28.33,28.33,0
2/15/22,28.09,28.09,25.33,25.700001,25.700001,0
2/16/22,25.190001,27.09,23.879999,24.290001,24.290001,0
2/17/22,24.83,28.370001,24.76,28.110001,28.110001,0
2/18/22,26.66,29.709999,26.379999,27.75,27.75,0
2/21/22,null,null,null,null,null,null
2/22/22,31.799999,32.040001,28.4,28.809999,28.809999,0
2/23/22,28.040001,31.07,27.200001,31.02,31.02,0
2/24/22,37.5,37.790001,29.450001,30.32,30.32,0
2/25/22,31.68,32,26.93,27.59,27.59,0
2/28/22,32.439999,33.509998,28.43,30.15,30.15,0
3/1/22,29.450001,35.189999,29.440001,33.32,33.32,0
3/2/22,34.200001,34.41,30.120001,30.74,30.74,0
3/3/22,30.52,32.009998,29.309999,30.48,30.48,0
3/4/22,31.9,34.650002,31.469999,31.98,31.98,0
3/7/22,35.880001,36.549999,32.59,36.450001,36.450001,0
3/8/22,36.189999,37.52,32.779999,35.130001,35.130001,0
3/9/22,33.740002,34.119999,31.389999,32.450001,32.450001,0
3/10/22,33.029999,34.029999,30.23,30.23,30.23,0
3/11/22,30.43,31.040001,28.84,30.75,30.75,0
3/14/22,31.030001,33.18,30.059999,31.77,31.77,0
3/15/22,33.130001,33.830002,29.57,29.83,29.83,0
3/16/22,29.02,29.799999,26.290001,26.67,26.67,0
3/17/22,26.51,27.469999,25.25,25.67,25.67,0
3/18/22,26.360001,26.82,23.85,23.870001,23.870001,0
3/21/22,25.139999,25.360001,22.99,23.530001,23.530001,0
3/22/22,24.02,24.02,22.700001,22.940001,22.940001,0
3/23/22,23.040001,24.030001,22.639999,23.57,23.57,0
3/24/22,23.610001,23.790001,21.49,21.67,21.67,0
3/25/22,21.870001,22.860001,20.799999,20.809999,20.809999,0
3/28/22,22.139999,23.33,19.540001,19.629999,19.629999,0
3/29/22,19.700001,19.73,18.67,18.9,18.9,0
3/30/22,19.379999,20.51,18.719999,19.33,19.33,0
3/31/22,19.68,21.48,19.540001,20.559999,20.559999,0
4/1/22,20.620001,20.860001,19.41,19.629999,19.629999,0
4/4/22,20.75,20.780001,18.450001,18.57,18.57,0
4/5/22,18.790001,21.57,18.549999,21.030001,21.030001,0
4/6/22,21.27,24.780001,21.24,22.1,22.1,0
4/7/22,21.969999,23.82,21.120001,21.549999,21.549999,0
4/8/22,21.25,22.34,20.280001,21.16,21.16,0
4/11/22,23.09,24.42,22.09,24.370001,24.370001,0
4/12/22,24.940001,25.379999,22.27,24.26,24.26,0
4/13/22,23.52,24.450001,21.370001,21.82,21.82,0
4/14/22,21.719999,22.700001,20.85,22.700001,22.700001,0
4/15/22,null,null,null,null,null,null
4/18/22,24.52,24.6,21.98,22.17,22.17,0
4/19/22,22.549999,22.92,20.360001,21.370001,21.370001,0
4/20/22,21.129999,21.32,19.75,20.32,20.32,0
4/21/22,20.24,23.280001,19.809999,22.68,22.68,0
4/22/22,22.709999,28.27,22.620001,28.209999,28.209999,0
4/25/22,30.040001,31.6,26.799999,27.02,27.02,0
4/26/22,27.379999,33.810001,27.059999,33.52,33.52,0
4/27/22,31.110001,32.77,29.82,31.6,31.6,0
4/28/22,29.91,32,28,29.99,29.99,0
4/29/22,28.969999,34.34,28.540001,33.400002,33.400002,0
5/2/22,33.349998,36.639999,31.74,32.34,32.34,0
5/3/22,31.76,32.82,29.059999,29.25,29.25,0
5/4/22,29.120001,29.42,24.940001,25.42,25.42,0
5/5/22,25.969999,33.200001,25.780001,31.200001,31.200001,0
5/6/22,32.23,35.34,29.83,30.190001,30.190001,0
5/9/22,31.9,35.48,31.9,34.75,34.75,0
5/10/22,33.66,34.84,32.240002,32.990002,32.990002,0
5/11/22,32.869999,34.389999,30.690001,32.560001,32.560001,0
5/12/22,33.740002,34.759998,31.700001,31.77,31.77,0
5/13/22,31.09,31.200001,28.780001,28.870001,28.870001,0
5/16/22,30.01,30.23,27.360001,27.469999,27.469999,0
5/17/22,27.07,27.17,25.51,26.1,26.1,0
5/18/22,26.74,31.49,26.209999,30.959999,30.959999,0
5/19/22,31.24,33.110001,29.059999,29.35,29.35,0
5/20/22,28.780001,32.91,28.059999,29.43,29.43,0
5/23/22,28.98,30.389999,28.290001,28.48,28.48,0
5/24/22,29.43,31.07,29.040001,29.450001,29.450001,0
5/25/22,29.33,30.23,28.16,28.370001,28.370001,0
5/26/22,28.42,28.459999,27.110001,27.5,27.5,0
5/27/22,27.5,27.540001,25.57,25.719999,25.719999,0
5/30/22,null,null,null,null,null,null
5/31/22,27.469999,28.35,25.940001,26.190001,26.190001,0
6/1/22,26.049999,27.73,25.379999,25.690001,25.690001,0
6/2/22,25.73,26.5,24.33,24.719999,24.719999,0
6/3/22,24.91,25.959999,24.76,24.790001,24.790001,0
6/6/22,25.370001,25.809999,24.82,25.07,25.07,0
6/7/22,25.540001,26.24,23.879999,24.02,24.02,0
6/8/22,24.370001,24.780001,23.74,23.959999,23.959999,0
6/9/22,24.290001,26.24,23.82,26.09,26.09,0
6/10/22,26.26,29.629999,26.049999,27.75,27.75,0
6/13/22,31.370001,35.049999,31.290001,34.02,34.02,0
6/14/22,33.009998,34,32.060001,32.689999,32.689999,0
6/15/22,32.389999,32.77,27.76,29.620001,29.620001,0
6/16/22,30.35,34.82,30.35,32.950001,32.950001,0
6/17/22,32.84,33.310001,30.469999,31.129999,31.129999,0
6/20/22,null,null,null,null,null,null
6/21/22,30.629999,30.65,29.33,30.190001,30.190001,0
6/22/22,31.450001,31.57,28.780001,28.950001,28.950001,0
6/23/22,29.290001,29.77,28.74,29.049999,29.049999,0
6/24/22,29.07,29.719999,26.83,27.23,27.23,0
6/27/22,28.299999,28.66,26.93,26.950001,26.950001,0
6/28/22,26.9,28.68,26.469999,28.360001,28.360001,0
6/29/22,28.799999,29.360001,27.85,28.16,28.16,0
6/30/22,29.42,30.219999,28.280001,28.709999,28.709999,0
7/1/22,29.530001,29.59,26.690001,26.700001,26.700001,0
7/4/22,null,null,null,null,null,null
7/5/22,27.370001,29.82,27.299999,27.540001,27.540001,0
7/6/22,27.84,28.07,26.43,26.73,26.73,0
7/7/22,26.73,26.790001,25.66,26.08,26.08,0
7/8/22,26.41,26.610001,24.43,24.639999,24.639999,0
7/11/22,26.42,26.74,25.790001,26.17,26.17,0
7/12/22,27.139999,27.75,25.82,27.290001,27.290001,0
7/13/22,27.35,29.059999,26.23,26.82,26.82,0
7/14/22,27.469999,28.450001,26.200001,26.4,26.4,0
7/15/22,26.719999,26.719999,24.129999,24.23,24.23,0
7/18/22,24.83,25.91,24.379999,25.299999,25.299999,0
7/19/22,25.120001,25.41,24.23,24.5,24.5,0
7/20/22,24.23,24.73,23.4,23.879999,23.879999,0
7/21/22,24.07,24.67,22.92,23.110001,23.110001,0
7/22/22,23.299999,23.809999,22.41,23.030001,23.030001,0
7/25/22,24.33,24.57,23.190001,23.360001,23.360001,0
7/26/22,23.950001,25.309999,23.82,24.690001,24.690001,0
7/27/22,24.27,24.41,23.02,23.24,23.24,0
7/28/22,23.33,23.540001,22.219999,22.33,22.33,0
7/29/22,22.129999,22.16,21.209999,21.33,21.33,0
8/1/22,22.41,23.27,22.26,22.84,22.84,0
8/2/22,24.08,24.68,22.67,23.93,23.93,0
8/3/22,23.860001,23.92,21.68,21.950001,21.950001,0
8/4/22,22.059999,22.66,21.440001,21.440001,21.440001,0
8/5/22,21.5,22.58,20.76,21.15,21.15,0
8/8/22,21.74,22.01,20.83,21.290001,21.290001,0
8/9/22,21.41,22.23,21.41,21.77,21.77,0
8/10/22,22.280001,22.34,19.540001,19.74,19.74,0
8/11/22,19.84,20.85,19.709999,20.200001,20.200001,0
8/12/22,20.34,20.35,19.120001,19.530001,19.530001,0
8/15/22,20.74,21.16,19.809999,19.950001,19.950001,0
8/16/22,20.23,20.389999,19.5,19.690001,19.690001,0
8/17/22,19.74,20.629999,19.41,19.9,19.9,0
8/18/22,20.51,20.610001,19.43,19.559999,19.559999,0
8/19/22,20.16,21.27,20.08,20.6,20.6,0
8/22/22,22.41,24.620001,22.389999,23.799999,23.799999,0
8/23/22,24.129999,24.209999,23.07,24.110001,24.110001,0
8/24/22,24.370001,24.860001,22.73,22.82,22.82,0
8/25/22,22.41,23.129999,21.77,21.780001,21.780001,0
8/26/22,22.07,25.9,21.67,25.559999,25.559999,0
8/29/22,26.860001,27.67,25.469999,26.209999,26.209999,0
8/30/22,25.75,27.690001,25.129999,26.209999,26.209999,0
8/31/22,25.860001,26.620001,25.309999,25.870001,25.870001,0
9/1/22,26.879999,27.450001,25.25,25.559999,25.559999,0
9/2/22,25.51,26.280001,23.190001,25.469999,25.469999,0
9/5/22,null,null,null,null,null,null
9/6/22,25.459999,27.799999,25.33,26.91,26.91,0
9/7/22,26.93,27.15,24.540001,24.639999,24.639999,0
9/8/22,24.700001,25.9,23.559999,23.610001,23.610001,0
9/9/22,23.49,23.57,22.639999,22.790001,22.790001,0
9/12/22,23.58,24.23,23.16,23.870001,23.870001,0
9/13/22,23.67,28.15,23.530001,27.27,27.27,0
9/14/22,26.73,27.559999,26.16,26.16,26.16,0
9/15/22,26.1,26.93,25.42,26.27,26.27,0
9/16/22,27.469999,28.450001,26.139999,26.299999,26.299999,0
9/19/22,27.690001,27.950001,25.559999,25.76,25.76,0
9/20/22,25.65,27.809999,25.610001,27.16,27.16,0
9/21/22,28.030001,30.18,25.549999,27.99,27.99,0
9/22/22,28.16,28.379999,26.709999,27.35,27.35,0
9/23/22,27.68,32.310001,27.58,29.92,29.92,0
9/26/22,31.74,32.880001,29.83,32.259998,32.259998,0
9/27/22,31.200001,34.139999,30.299999,32.599998,32.599998,0
9/28/22,34.5,34.880001,30.030001,30.18,30.18,0
9/29/22,31.67,33.459999,31.16,31.84,31.84,0
9/30/22,31.610001,33.25,29.389999,31.620001,31.620001,0
10/3/22,33,33.060001,29.629999,30.1,30.1,0
10/4/22,29.52,29.620001,28.559999,29.07,29.07,0
10/5/22,29.360001,30.110001,28.5,28.549999,28.549999,0
10/6/22,28.6,30.74,28.559999,30.52,30.52,0
10/7/22,30.370001,32.02,29.879999,31.360001,31.360001,0
10/10/22,32.93,33.990002,32.049999,32.450001,32.450001,0
10/11/22,33.560001,34.43,32.450001,33.630001,33.630001,0
10/12/22,33.540001,34.529999,33.110001,33.57,33.57,0
10/13/22,33.599998,33.869999,31.629999,31.940001,31.940001,0
10/14/22,31.889999,32.98,31.139999,32.02,32.02,0
10/17/22,32.27,32.59,30.700001,31.370001,31.370001,0
10/18/22,31.1,31.93,30.42,30.5,30.5,0
10/19/22,30.940001,31.9,30.76,30.76,30.76,0
10/20/22,31.299999,31.32,29.76,29.98,29.98,0
10/21/22,30.209999,30.440001,29.24,29.690001,29.690001,0
10/24/22,30.65,30.950001,29.780001,29.85,29.85,0
10/25/22,29.799999,30,28.219999,28.459999,28.459999,0
10/26/22,28.440001,28.52,27.27,27.280001,27.280001,0
10/27/22,27.51,27.67,26.940001,27.389999,27.389999,0
10/28/22,27.43,27.59,25.75,25.75,25.75,0
10/31/22,26.91,27.07,25.84,25.879999,25.879999,0
11/1/22,25.959999,26.35,25.66,25.809999,25.809999,0
11/2/22,26.040001,26.620001,25.389999,25.860001,25.860001,0
11/3/22,25.98,26.870001,25.1,25.299999,25.299999,0
11/4/22,25.629999,25.709999,24,24.549999,24.549999,0
11/7/22,25.67,25.67,24.34,24.35,24.35,0
11/8/22,24.709999,26.16,24.24,25.540001,25.540001,0
11/9/22,25.34,26.35,25.02,26.09,26.09,0
11/10/22,26.51,26.59,22.84,23.530001,23.530001,0
11/11/22,23.889999,23.91,22.370001,22.52,22.52,0
11/14/22,23.99,24.33,22.860001,23.73,23.73,0
11/15/22,23.77,26.219999,23.18,24.540001,24.540001,0
11/16/22,24.290001,24.719999,23.99,24.110001,24.110001,0
11/17/22,24.049999,25.18,23.809999,23.93,23.93,0
11/18/22,24.030001,24.120001,22.98,23.120001,23.120001,0
11/21/22,24.049999,24.120001,22.299999,22.360001,22.360001,0
11/22/22,22.59,22.709999,21.280001,21.290001,21.290001,0
11/23/22,21.49,21.780001,20.32,20.35,20.35,0
11/24/22,null,null,null,null,null,null
11/25/22,20.610001,21.110001,20.459999,20.5,20.5,0
11/28/22,22.09,22.5,21.65,22.209999,22.209999,0
11/29/22,22.09,22.57,21.83,21.889999,21.889999,0
11/30/22,21.700001,22.629999,20.309999,20.58,20.58,0
12/1/22,20.83,21.059999,19.799999,19.84,19.84,0
12/2/22,20.42,20.959999,18.950001,19.059999,19.059999,0
12/5/22,20.299999,21.290001,19.780001,20.75,20.75,0
12/6/22,20.690001,22.6,20.379999,22.17,22.17,0
12/7/22,22.32,23.01,22.18,22.68,22.68,0
12/8/22,22.809999,23.280001,22.059999,22.290001,22.290001,0
12/9/22,22.549999,23.209999,22.18,22.83,22.83,0
12/12/22,24.4,25.049999,24.18,25,25,0
12/13/22,25.24,25.84,21.459999,22.549999,22.549999,0
12/14/22,22.83,23.469999,21.07,21.139999,21.139999,0
12/15/22,21.52,23.67,21.25,22.83,22.83,0
12/16/22,23.26,23.83,22.09,22.620001,22.620001,0
12/19/22,22.629999,22.860001,21.610001,22.42,22.42,0
12/20/22,23.17,23.389999,21.35,21.48,21.48,0
12/21/22,21.25,21.290001,19.940001,20.07,20.07,0
12/22/22,20.08,24.299999,20.01,21.969999,21.969999,0
12/23/22,22.17,22.639999,20.780001,20.870001,20.870001,0
12/26/22,null,null,null,null,null,null
12/27/22,21.67,22.799999,21.59,21.65,21.65,0
12/28/22,21.469999,22.26,20.959999,22.139999,22.139999,0
12/29/22,22.25,22.309999,21.360001,21.440001,21.440001,0
12/30/22,21.83,22.4,21.59,21.67,21.67,0
1/2/23,null,null,null,null,null,null
1/3/23,23.09,23.76,22.73,22.9,22.9,0
1/4/23,22.93,23.27,21.940001,22.01,22.01,0
1/5/23,22.200001,22.92,21.969999,22.459999,22.459999,0
1/6/23,22.690001,22.9,21,21.129999,21.129999,0
1/9/23,21.75,21.98,21.27,21.969999,21.969999,0
1/10/23,22.219999,22.459999,20.58,20.58,20.58,0
1/11/23,20.799999,21.25,20.620001,21.09,21.09,0
1/12/23,21.559999,21.799999,18.83,18.83,18.83,0
1/13/23,19,19.41,18.01,18.35,18.35,0
1/16/23,null,null,null,null,null,null
1/17/23,19.889999,20.219999,19.209999,19.360001,19.360001,0
1/18/23,19.280001,20.58,18.709999,20.34,20.34,0
1/19/23,20.43,21.709999,20.17,20.52,20.52,0
1/20/23,20.280001,20.700001,19.41,19.85,19.85,0
1/23/23,20.209999,20.33,19.549999,19.809999,19.809999,0
1/24/23,19.889999,20.469999,18.91,19.200001,19.200001,0
1/25/23,19.559999,20.9,18.99,19.08,19.08,0
1/26/23,19.049999,19.48,18.67,18.73,18.73,0
1/27/23,18.9,19,17.969999,18.51,18.51,0
1/30/23,19.76,20.25,19.540001,19.940001,19.940001,0
1/31/23,20.120001,20.700001,19.129999,19.4,19.4,0
2/1/23,19.620001,20.040001,17.700001,17.870001,17.870001,0
2/2/23,17.74,19.25,17.059999,18.73,18.73,0
2/3/23,18.57,19.299999,17.93,18.33,18.33,0
2/6/23,19.23,19.809999,19.209999,19.43,19.43,0
2/7/23,19.540001,19.99,18.43,18.66,18.66,0
2/8/23,18.879999,20.120001,18.549999,19.629999,19.629999,0
2/9/23,19.24,21.08,19.02,20.709999,20.709999,0
2/10/23,20.74,21.940001,20.440001,20.530001,20.530001,0
2/13/23,21.66,21.690001,20.33,20.34,20.34,0
2/14/23,20.719999,20.75,18.48,18.91,18.91,0
2/15/23,19.370001,19.41,18.110001,18.23,18.23,0
2/16/23,18.26,20.27,18.23,20.17,20.17,0
2/17/23,20.940001,21.299999,19.82,20.02,20.02,0
2/20/23,null,null,null,null,null,null
2/21/23,21.799999,23.34,21.799999,22.870001,22.870001,0
2/22/23,23.030001,23.629999,22.02,22.290001,22.290001,0
2/23/23,21.959999,22.43,20.889999,21.139999,21.139999,0
2/24/23,21.35,22.9,21.32,21.67,21.67,0
2/27/23,21.99,22.02,20.68,20.950001,20.950001,0
2/28/23,21.299999,21.370001,20.1,20.700001,20.700001,0
3/1/23,20.389999,21.32,20.219999,20.58,20.58,0
3/2/23,21.41,21.42,19.549999,19.59,19.59,0
3/3/23,19.76,19.76,18.16,18.49,18.49,0
3/6/23,19.049999,19.190001,18.49,18.610001,18.610001,0
3/7/23,18.639999,19.74,18.51,19.59,19.59,0
3/8/23,19.709999,20.01,19,19.110001,19.110001,0
3/9/23,19.33,23.139999,18.879999,22.610001,22.610001,0
3/10/23,23.34,28.969999,21.790001,24.799999,24.799999,0
3/13/23,24.049999,30.809999,23.85,26.52,26.52,0
3/14/23,26.85,27.24,22.27,23.73,23.73,0
3/15/23,23.209999,29.91,23.190001,26.139999,26.139999,0
3/16/23,26.190001,27.49,22.969999,22.99,22.99,0
3/17/23,22.92,26.139999,22.58,25.51,25.51,0
3/20/23,27.77,28.91,24,24.15,24.15,0
3/21/23,24.16,24.16,21.290001,21.379999,21.379999,0
3/22/23,21.799999,22.379999,19.940001,22.26,22.26,0
3/23/23,21.540001,24.91,20.16,22.610001,22.610001,0
3/24/23,22.110001,25.209999,21.6,21.74,21.74,0
3/27/23,22.049999,22.93,20.57,20.6,20.6,0
3/28/23,20.530001,21.4,19.91,19.969999,19.969999,0
3/29/23,19.389999,19.450001,19.09,19.120001,19.120001,0
3/30/23,19.120001,20.08,18.85,19.02,19.02,0
3/31/23,19.209999,19.43,18.52,18.700001,18.700001,0
4/3/23,19.790001,19.83,18.540001,18.549999,18.549999,0
4/4/23,18.790001,20.030001,18.58,19,19,0
4/5/23,19.42,20.08,19,19.08,19.08,0
4/6/23,19.299999,19.879999,18.35,18.4,18.4,0
4/7/23,null,null,null,null,null,null
4/10/23,19.389999,20.049999,18.93,18.969999,18.969999,0
4/11/23,19.08,19.280001,18.559999,19.1,19.1,0
4/12/23,19.379999,19.98,18.25,19.09,19.09,0
4/13/23,18.83,19.059999,17.77,17.799999,17.799999,0
4/14/23,17.940001,18.120001,17.07,17.07,17.07,0
4/17/23,17.58,17.790001,16.9,16.950001,16.950001,0
4/18/23,16.940001,17.34,16.58,16.83,16.83,0
4/19/23,17.299999,17.719999,16.17,16.459999,16.459999,0
4/20/23,16.85,17.690001,16.33,17.17,17.17,0
4/21/23,17.51,17.709999,16.58,16.77,16.77,0
4/24/23,18.219999,18.24,16.74,16.889999,16.889999,0
4/25/23,17.620001,19.860001,17.33,18.76,18.76,0
4/26/23,18.66,19.610001,17.870001,18.84,18.84,0
4/27/23,18.43,18.43,16.719999,17.030001,17.030001,0
4/28/23,17.209999,17.65,15.72,15.78,15.78,0
5/1/23,16.41,16.620001,15.53,16.08,16.08,0
5/2/23,16.27,19.809999,16.26,17.780001,17.780001,0
5/3/23,17.82,18.83,17.190001,18.34,18.34,0
5/4/23,19.17,21.33,18.67,20.09,20.09,0
5/5/23,19.5,19.629999,16.690001,17.190001,17.190001,0
5/8/23,17.73,17.879999,16.83,16.98,16.98,0
5/9/23,17.290001,17.860001,17.219999,17.709999,17.709999,0
5/10/23,17.58,18.309999,16.360001,16.940001,16.940001,0
5/11/23,16.799999,18.190001,16.629999,16.93,16.93,0
5/12/23,16.83,17.92,16.379999,17.030001,17.030001,0
5/15/23,17.440001,18.16,17.08,17.120001,17.120001,0
5/16/23,17.540001,18.299999,17.26,17.99,17.99,0
5/17/23,17.959999,18.26,16.68,16.870001,16.870001,0
5/18/23,16.92,17.15,16.049999,16.049999,16.049999,0
5/19/23,16.129999,17.360001,15.85,16.809999,16.809999,0
5/22/23,17.450001,18.129999,16.82,17.209999,17.209999,0
5/23/23,17.35,19.309999,17.299999,18.530001,18.530001,0
5/24/23,18.799999,20.809999,18.799999,20.030001,20.030001,0
5/25/23,19.540001,19.950001,18.700001,19.139999,19.139999,0
5/26/23,19.07,19.559999,17.27,17.950001,17.950001,0
5/29/23,null,null,null,null,null,null
5/30/23,17.559999,18.34,16.98,17.459999,17.459999,0
5/31/23,18.040001,18.4,17.120001,17.940001,17.940001,0
6/1/23,17.24,17.59,15.58,15.65,15.65,0
6/2/23,15.65,15.65,14.42,14.6,14.6,0
6/5/23,15.28,15.29,14.66,14.73,14.73,0
6/6/23,14.91,14.97,13.95,13.96,13.96,0
6/7/23,14.14,14.29,13.77,13.94,13.94,0
6/8/23,14.14,14.21,13.53,13.65,13.65,0
6/9/23,13.78,14.14,13.5,13.83,13.83,0
6/12/23,14.44,15.02,14.32,15.01,15.01,0
6/13/23,14.99,15.06,14.47,14.61,14.61,0
6/14/23,14.48,14.73,13.83,13.88,13.88,0
6/15/23,14.09,14.52,13.79,14.5,14.5,0
6/16/23,14.49,14.54,13.48,13.54,13.54,0
6/19/23,null,null,null,null,null,null
6/20/23,14.36,14.67,13.86,13.88,13.88,0
6/21/23,13.88,13.89,13.1,13.2,13.2,0
6/22/23,13.88,13.98,12.73,12.91,12.91,0
6/23/23,13.24,13.8,12.88,13.44,13.44,0
6/26/23,14.43,14.71,13.78,14.25,14.25,0
6/27/23,14.11,14.34,13.59,13.74,13.74,0
6/28/23,13.9,13.96,13.36,13.43,13.43,0
6/29/23,13.64,13.85,13.41,13.54,13.54,0
6/30/23,13.51,13.59,12.96,13.59,13.59,0
7/3/23,13.85,13.85,13.47,13.57,13.57,0
7/4/23,null,null,null,null,null,null
7/5/23,14.19,14.74,14.05,14.18,14.18,0
7/6/23,14.85,17.08,14.79,15.44,15.44,0
7/7/23,15.97,16.059999,14.33,14.83,14.83,0
7/10/23,16.08,16.209999,15.04,15.07,15.07,0
7/11/23,15.02,15.25,14.63,14.84,14.84,0
7/12/23,14.82,14.82,13.51,13.54,13.54,0
7/13/23,13.44,13.61,13.12,13.61,13.61,0
7/14/23,13.72,13.76,13.22,13.34,13.34,0
7/17/23,13.78,14,13.43,13.48,13.48,0
7/18/23,13.61,13.67,13.29,13.3,13.3,0
7/19/23,13.32,13.84,13.12,13.76,13.76,0
7/20/23,13.96,14.23,13.58,13.99,13.99,0
7/21/23,13.87,13.89,13.37,13.6,13.6,0
7/24/23,14.29,14.3,13.73,13.91,13.91,0
7/25/23,14.02,14.09,13.82,13.86,13.86,0
7/26/23,13.86,14.16,13.15,13.19,13.19,0
7/27/23,13.14,15.02,12.74,14.41,14.41,0
7/28/23,14.03,14.18,13.27,13.33,13.33,0
7/31/23,13.98,14.09,13.57,13.63,13.63,0
8/1/23,13.75,14.3,13.75,13.93,13.93,0
8/2/23,15.7,16.48,14.95,16.09,16.09,0
8/3/23,16.77,17.42,15.72,15.92,15.92,0
8/4/23,16.01,17.389999,14.57,17.1,17.1,0
8/7/23,16.9,17.360001,15.77,15.77,15.77,0
8/8/23,16.280001,18.139999,15.96,15.99,15.99,0
8/9/23,15.81,16.870001,15.38,15.96,15.96,0
8/10/23,15.58,16.860001,14.6,15.85,15.85,0
8/11/23,15.53,16.51,14.84,14.84,14.84,0
8/14/23,15.88,16.059999,14.77,14.82,14.82,0
8/15/23,14.95,16.57,14.91,16.459999,16.459999,0
8/16/23,16.540001,16.93,15.8,16.780001,16.780001,0
8/17/23,16.959999,18.129999,16.4,17.889999,17.889999,0
8/18/23,17.799999,18.879999,17.139999,17.299999,17.299999,0
8/21/23,18.030001,18.110001,16.879999,17.129999,17.129999,0
8/22/23,16.959999,17.58,16.610001,16.969999,16.969999,0
8/23/23,16.639999,17.1,15.91,15.98,15.98,0
8/24/23,15.57,17.32,15.48,17.200001,17.200001,0
8/25/23,17.209999,17.360001,15.45,15.68,15.68,0
8/28/23,16.24,16.280001,15,15.08,15.08,0
8/29/23,15.08,15.3,14.34,14.45,14.45,0
8/30/23,14.53,14.7,13.83,13.88,13.88,0
8/31/23,13.98,14,13.44,13.57,13.57,0
9/1/23,13.56,13.56,13.02,13.09,13.09,0
9/4/23,null,null,null,null,null,null
9/5/23,14.15,14.47,13.7,14.01,14.01,0
9/6/23,14.27,15.3,14.13,14.45,14.45,0
9/7/23,14.81,15.69,14.4,14.4,14.4,0
9/8/23,14.22,14.87,13.58,13.84,13.84,0
9/11/23,14.17,14.33,13.74,13.8,13.8,0
9/12/23,14.02,14.42,13.71,14.23,14.23,0
9/13/23,14.42,14.68,13.41,13.48,13.48,0
9/14/23,13.39,13.46,12.79,12.82,12.82,0
9/15/23,12.7,14.17,12.68,13.79,13.79,0
9/18/23,14.4,14.75,13.86,14,14,0
9/19/23,14.11,14.88,13.86,14.11,14.11,0
9/20/23,14.18,15.15,13.57,15.14,15.14,0
9/21/23,15.49,17.540001,15.1,17.540001,17.540001,0
9/22/23,17.309999,17.41,15.93,17.200001,17.200001,0
9/25/23,17.25,18.41,16.790001,16.9,16.9,0
9/26/23,18.030001,19.5,17.17,18.940001,18.940001,0
9/27/23,18.290001,19.709999,18.030001,18.219999,18.219999,0
9/28/23,18.219999,18.77,17.059999,17.34,17.34,0
9/29/23,16.870001,17.74,15.83,17.52,17.52,0
10/2/23,17.309999,18.549999,16.93,17.610001,17.610001,0
10/3/23,17.809999,20.48,17.52,19.780001,19.780001,0
10/4/23,20.719999,20.879999,18.299999,18.58,18.58,0
10/5/23,18.67,19.58,18.26,18.49,18.49,0
10/6/23,18.73,19.93,17.190001,17.450001,17.450001,0
10/9/23,19.540001,19.6,17.559999,17.700001,17.700001,0
10/10/23,17.700001,17.860001,16.51,17.030001,17.030001,0
10/11/23,16.950001,17.780001,16.09,16.09,16.09,0
10/12/23,16.08,18.08,15.44,16.690001,16.690001,0
10/13/23,16.530001,20.780001,16.5,19.32,19.32,0
10/16/23,19.1,19.57,17.139999,17.209999,17.209999,0
10/17/23,17.41,18.540001,16.969999,17.879999,17.879999,0
10/18/23,18.360001,20.15,17.879999,19.219999,19.219999,0
10/19/23,19.73,21.4,18.549999,21.4,21.4,0
10/20/23,21.59,21.83,20.42,21.709999,21.709999,0
10/23/23,21.83,23.08,19.48,20.370001,20.370001,0
10/24/23,20.030001,20.24,18.65,18.969999,18.969999,0
10/25/23,19.389999,21.24,18.860001,20.190001,20.190001,0
10/26/23,21.780001,21.959999,20.219999,20.68,20.68,0
10/27/23,20.389999,22.07,19.719999,21.27,21.27,0
10/30/23,21.129999,21.16,19.549999,19.75,19.75,0
10/31/23,19.860001,19.860001,17.969999,18.139999,18.139999,0
11/1/23,18.02,18.42,16.629999,16.870001,16.870001,0
11/2/23,16.59,16.620001,15.58,15.66,15.66,0
11/3/23,15.7,15.83,14.91,14.91,14.91,0
11/6/23,15.39,15.58,14.84,14.89,14.89,0
11/7/23,15.1,15.17,14.71,14.81,14.81,0
11/8/23,14.91,15.09,14.3,14.45,14.45,0
11/9/23,14.61,15.57,14.13,15.29,15.29,0
11/10/23,15.09,15.45,14.16,14.17,14.17,0
11/13/23,15.16,15.19,14.58,14.76,14.76,0
11/14/23,14.83,14.86,13.91,14.16,14.16,0
11/15/23,14.21,14.35,13.97,14.18,14.18,0
11/16/23,14.12,14.42,13.68,14.32,14.32,0
11/17/23,14.18,14.19,13.67,13.8,13.8,0
11/20/23,14.26,14.31,13.39,13.41,13.41,0
11/21/23,13.45,14.31,13.13,13.35,13.35,0
11/22/23,13.08,13.25,12.82,12.85,12.85,0
11/23/23,null,null,null,null,null,null
11/24/23,13.03,13.17,12.45,12.46,12.46,0
11/27/23,13.14,13.28,12.64,12.69,12.69,0
11/28/23,12.78,14.3,12.56,12.69,12.69,0
11/29/23,12.71,13.1,12.48,12.98,12.98,0
11/30/23,13.07,13.39,12.82,12.92,12.92,0
12/1/23,12.94,12.96,12.48,12.63,12.63,0